,drug,disease,label
0,413.0,273.0,1.0
1,542.0,133.0,1.0
2,80.0,72.0,1.0
3,138.0,364.0,1.0
4,430.0,89.0,1.0
5,292.0,404.0,1.0
6,402.0,316.0,1.0
7,85.0,41.0,1.0
8,183.0,146.0,1.0
9,161.0,309.0,1.0
10,87.0,306.0,1.0
11,136.0,124.0,1.0
12,3.0,42.0,1.0
13,309.0,117.0,1.0
14,523.0,146.0,1.0
15,405.0,164.0,1.0
16,327.0,314.0,1.0
17,271.0,197.0,1.0
18,519.0,125.0,1.0
19,650.0,358.0,1.0
20,358.0,199.0,1.0
21,449.0,306.0,1.0
22,170.0,200.0,1.0
23,269.0,405.0,1.0
24,430.0,13.0,1.0
25,64.0,67.0,1.0
26,190.0,73.0,1.0
27,359.0,8.0,1.0
28,98.0,405.0,1.0
29,332.0,358.0,1.0
30,23.0,80.0,1.0
31,307.0,124.0,1.0
32,485.0,404.0,1.0
33,141.0,88.0,1.0
34,274.0,239.0,1.0
35,351.0,313.0,1.0
36,547.0,314.0,1.0
37,80.0,279.0,1.0
38,248.0,67.0,1.0
39,141.0,36.0,1.0
40,280.0,79.0,1.0
41,590.0,125.0,1.0
42,49.0,210.0,1.0
43,294.0,100.0,1.0
44,268.0,183.0,1.0
45,387.0,335.0,1.0
46,658.0,359.0,1.0
47,559.0,309.0,1.0
48,31.0,243.0,1.0
49,559.0,135.0,1.0
50,375.0,359.0,1.0
51,439.0,16.0,1.0
52,383.0,89.0,1.0
53,390.0,358.0,1.0
54,299.0,405.0,1.0
55,478.0,167.0,1.0
56,36.0,392.0,1.0
57,229.0,25.0,1.0
58,213.0,277.0,1.0
59,572.0,112.0,1.0
60,169.0,152.0,1.0
61,42.0,28.0,1.0
62,633.0,402.0,1.0
63,413.0,293.0,1.0
64,248.0,76.0,1.0
65,352.0,378.0,1.0
66,252.0,128.0,1.0
67,39.0,372.0,1.0
68,72.0,1.0,1.0
69,69.0,27.0,1.0
70,382.0,224.0,1.0
71,218.0,99.0,1.0
72,455.0,357.0,1.0
73,270.0,149.0,1.0
74,239.0,358.0,1.0
75,307.0,177.0,1.0
76,333.0,99.0,1.0
77,454.0,94.0,1.0
78,478.0,119.0,1.0
79,128.0,275.0,1.0
80,591.0,269.0,1.0
81,579.0,322.0,1.0
82,420.0,117.0,1.0
83,313.0,3.0,1.0
84,0.0,48.0,1.0
85,267.0,331.0,1.0
86,597.0,271.0,1.0
87,547.0,131.0,1.0
88,288.0,68.0,1.0
89,205.0,134.0,1.0
90,41.0,269.0,1.0
91,490.0,357.0,1.0
92,250.0,405.0,1.0
93,414.0,318.0,1.0
94,171.0,316.0,1.0
95,600.0,405.0,1.0
96,643.0,1.0,1.0
97,507.0,79.0,1.0
98,652.0,371.0,1.0
99,116.0,298.0,1.0
100,307.0,251.0,1.0
101,86.0,125.0,1.0
102,169.0,394.0,1.0
103,140.0,193.0,1.0
104,455.0,9.0,1.0
105,66.0,199.0,1.0
106,662.0,339.0,1.0
107,556.0,224.0,1.0
108,5.0,128.0,1.0
109,181.0,99.0,1.0
110,205.0,135.0,1.0
111,500.0,133.0,1.0
112,63.0,134.0,1.0
113,273.0,132.0,1.0
114,142.0,369.0,1.0
115,355.0,275.0,1.0
116,140.0,300.0,1.0
117,50.0,381.0,1.0
118,521.0,359.0,1.0
119,138.0,259.0,1.0
120,377.0,342.0,1.0
121,14.0,130.0,1.0
122,106.0,287.0,1.0
123,230.0,243.0,1.0
124,121.0,365.0,1.0
125,340.0,358.0,1.0
126,435.0,117.0,1.0
127,587.0,358.0,1.0
128,138.0,344.0,1.0
129,356.0,89.0,1.0
130,588.0,390.0,1.0
131,55.0,401.0,1.0
132,519.0,243.0,1.0
133,68.0,280.0,1.0
134,1.0,171.0,1.0
135,163.0,217.0,1.0
136,299.0,88.0,1.0
137,395.0,358.0,1.0
138,551.0,174.0,1.0
139,132.0,100.0,1.0
140,255.0,405.0,1.0
141,356.0,243.0,1.0
142,588.0,344.0,1.0
143,470.0,246.0,1.0
144,390.0,362.0,1.0
145,307.0,188.0,1.0
146,136.0,68.0,1.0
147,624.0,11.0,1.0
148,624.0,196.0,1.0
149,326.0,152.0,1.0
150,253.0,362.0,1.0
151,199.0,237.0,1.0
152,19.0,342.0,1.0
153,461.0,81.0,1.0
154,402.0,251.0,1.0
155,659.0,367.0,1.0
156,578.0,271.0,1.0
157,652.0,358.0,1.0
158,22.0,3.0,1.0
159,564.0,68.0,1.0
160,141.0,405.0,1.0
161,49.0,152.0,1.0
162,349.0,151.0,1.0
163,525.0,124.0,1.0
164,624.0,48.0,1.0
165,383.0,183.0,1.0
166,254.0,136.0,1.0
167,36.0,1.0,1.0
168,22.0,268.0,1.0
169,241.0,65.0,1.0
170,594.0,405.0,1.0
171,321.0,405.0,1.0
172,409.0,68.0,1.0
173,255.0,124.0,1.0
174,430.0,73.0,1.0
175,480.0,124.0,1.0
176,482.0,43.0,1.0
177,380.0,203.0,1.0
178,242.0,47.0,1.0
179,631.0,267.0,1.0
180,173.0,183.0,1.0
181,9.0,282.0,1.0
182,275.0,208.0,1.0
183,252.0,73.0,1.0
184,521.0,362.0,1.0
185,253.0,359.0,1.0
186,238.0,199.0,1.0
187,402.0,94.0,1.0
188,401.0,341.0,1.0
189,554.0,89.0,1.0
190,587.0,208.0,1.0
191,534.0,132.0,1.0
192,596.0,65.0,1.0
193,532.0,163.0,1.0
194,49.0,394.0,1.0
195,90.0,277.0,1.0
196,440.0,124.0,1.0
197,637.0,245.0,1.0
198,227.0,330.0,1.0
199,368.0,322.0,1.0
200,500.0,376.0,1.0
201,462.0,252.0,1.0
202,584.0,89.0,1.0
203,307.0,316.0,1.0
204,494.0,148.0,1.0
205,363.0,328.0,1.0
206,268.0,107.0,1.0
207,263.0,392.0,1.0
208,484.0,239.0,1.0
209,413.0,352.0,1.0
210,37.0,124.0,1.0
211,591.0,156.0,1.0
212,343.0,358.0,1.0
213,447.0,79.0,1.0
214,650.0,359.0,1.0
215,245.0,405.0,1.0
216,398.0,405.0,1.0
217,340.0,359.0,1.0
218,568.0,1.0,1.0
219,470.0,280.0,1.0
220,393.0,124.0,1.0
221,260.0,124.0,1.0
222,287.0,240.0,1.0
223,30.0,123.0,1.0
224,477.0,405.0,1.0
225,241.0,54.0,1.0
226,50.0,289.0,1.0
227,21.0,394.0,1.0
228,464.0,3.0,1.0
229,397.0,188.0,1.0
230,105.0,344.0,1.0
231,154.0,247.0,1.0
232,455.0,136.0,1.0
233,180.0,279.0,1.0
234,275.0,316.0,1.0
235,171.0,251.0,1.0
236,243.0,157.0,1.0
237,171.0,196.0,1.0
238,202.0,8.0,1.0
239,500.0,1.0,1.0
240,510.0,332.0,1.0
241,393.0,69.0,1.0
242,358.0,387.0,1.0
243,337.0,351.0,1.0
244,87.0,130.0,1.0
245,503.0,347.0,1.0
246,254.0,370.0,1.0
247,142.0,9.0,1.0
248,423.0,324.0,1.0
249,312.0,99.0,1.0
250,254.0,364.0,1.0
251,596.0,280.0,1.0
252,552.0,212.0,1.0
253,511.0,359.0,1.0
254,22.0,310.0,1.0
255,506.0,396.0,1.0
256,1.0,57.0,1.0
257,588.0,135.0,1.0
258,431.0,24.0,1.0
259,354.0,128.0,1.0
260,356.0,56.0,1.0
261,271.0,24.0,1.0
262,439.0,183.0,1.0
263,72.0,136.0,1.0
264,553.0,125.0,1.0
265,455.0,390.0,1.0
266,464.0,316.0,1.0
267,569.0,385.0,1.0
268,640.0,405.0,1.0
269,9.0,130.0,1.0
270,125.0,117.0,1.0
271,29.0,44.0,1.0
272,370.0,124.0,1.0
273,198.0,130.0,1.0
274,174.0,360.0,1.0
275,109.0,392.0,1.0
276,422.0,163.0,1.0
277,427.0,332.0,1.0
278,461.0,273.0,1.0
279,161.0,136.0,1.0
280,305.0,138.0,1.0
281,486.0,9.0,1.0
282,566.0,144.0,1.0
283,529.0,43.0,1.0
284,377.0,357.0,1.0
285,74.0,358.0,1.0
286,241.0,245.0,1.0
287,11.0,392.0,1.0
288,536.0,183.0,1.0
289,455.0,259.0,1.0
290,377.0,37.0,1.0
291,131.0,124.0,1.0
292,305.0,112.0,1.0
293,263.0,141.0,1.0
294,131.0,163.0,1.0
295,369.0,98.0,1.0
296,39.0,137.0,1.0
297,598.0,208.0,1.0
298,540.0,359.0,1.0
299,564.0,334.0,1.0
300,621.0,73.0,1.0
301,520.0,297.0,1.0
302,71.0,21.0,1.0
303,461.0,184.0,1.0
304,314.0,4.0,1.0
305,521.0,371.0,1.0
306,248.0,1.0,1.0
307,0.0,144.0,1.0
308,324.0,43.0,1.0
309,138.0,390.0,1.0
310,471.0,181.0,1.0
311,179.0,68.0,1.0
312,83.0,280.0,1.0
313,588.0,312.0,1.0
314,358.0,162.0,1.0
315,110.0,41.0,1.0
316,122.0,405.0,1.0
317,319.0,358.0,1.0
318,193.0,243.0,1.0
319,286.0,99.0,1.0
320,430.0,355.0,1.0
321,543.0,133.0,1.0
322,422.0,314.0,1.0
323,101.0,117.0,1.0
324,252.0,392.0,1.0
325,22.0,301.0,1.0
326,443.0,371.0,1.0
327,244.0,277.0,1.0
328,175.0,362.0,1.0
329,268.0,139.0,1.0
330,539.0,69.0,1.0
331,166.0,81.0,1.0
332,166.0,135.0,1.0
333,612.0,321.0,1.0
334,520.0,332.0,1.0
335,161.0,37.0,1.0
336,205.0,390.0,1.0
337,262.0,18.0,1.0
338,360.0,405.0,1.0
339,615.0,405.0,1.0
340,500.0,0.0,1.0
341,533.0,318.0,1.0
342,389.0,298.0,1.0
343,241.0,239.0,1.0
344,603.0,40.0,1.0
345,153.0,26.0,1.0
346,514.0,145.0,1.0
347,283.0,99.0,1.0
348,200.0,334.0,1.0
349,493.0,375.0,1.0
350,295.0,117.0,1.0
351,329.0,183.0,1.0
352,201.0,382.0,1.0
353,113.0,294.0,1.0
354,662.0,290.0,1.0
355,516.0,83.0,1.0
356,110.0,143.0,1.0
357,505.0,208.0,1.0
358,1.0,39.0,1.0
359,43.0,405.0,1.0
360,241.0,218.0,1.0
361,522.0,27.0,1.0
362,462.0,24.0,1.0
363,296.0,41.0,1.0
364,624.0,316.0,1.0
365,318.0,153.0,1.0
366,267.0,345.0,1.0
367,211.0,89.0,1.0
368,70.0,19.0,1.0
369,180.0,250.0,1.0
370,647.0,360.0,1.0
371,275.0,358.0,1.0
372,502.0,232.0,1.0
373,301.0,328.0,1.0
374,397.0,251.0,1.0
375,241.0,24.0,1.0
376,162.0,318.0,1.0
377,241.0,186.0,1.0
378,129.0,224.0,1.0
379,166.0,309.0,1.0
380,351.0,199.0,1.0
381,105.0,135.0,1.0
382,290.0,88.0,1.0
383,61.0,280.0,1.0
384,54.0,405.0,1.0
385,442.0,88.0,1.0
386,71.0,124.0,1.0
387,159.0,149.0,1.0
388,247.0,392.0,1.0
389,368.0,183.0,1.0
390,562.0,99.0,1.0
391,324.0,40.0,1.0
392,255.0,146.0,1.0
393,47.0,314.0,1.0
394,326.0,149.0,1.0
395,133.0,48.0,1.0
396,648.0,11.0,1.0
397,247.0,376.0,1.0
398,658.0,362.0,1.0
399,219.0,146.0,1.0
400,109.0,73.0,1.0
401,173.0,131.0,1.0
402,99.0,37.0,1.0
403,340.0,347.0,1.0
404,267.0,389.0,1.0
405,375.0,358.0,1.0
406,437.0,48.0,1.0
407,517.0,190.0,1.0
408,330.0,15.0,1.0
409,587.0,38.0,1.0
410,224.0,22.0,1.0
411,641.0,399.0,1.0
412,541.0,219.0,1.0
413,1.0,284.0,1.0
414,67.0,358.0,1.0
415,468.0,114.0,1.0
416,623.0,99.0,1.0
417,11.0,128.0,1.0
418,145.0,312.0,1.0
419,413.0,199.0,1.0
420,367.0,73.0,1.0
421,323.0,161.0,1.0
422,89.0,76.0,1.0
423,377.0,391.0,1.0
424,292.0,405.0,1.0
425,430.0,335.0,1.0
426,456.0,24.0,1.0
427,138.0,309.0,1.0
428,468.0,265.0,1.0
429,28.0,322.0,1.0
430,362.0,298.0,1.0
431,162.0,41.0,1.0
432,297.0,37.0,1.0
433,551.0,364.0,1.0
434,632.0,360.0,1.0
435,34.0,1.0,1.0
436,275.0,288.0,1.0
437,534.0,341.0,1.0
438,49.0,262.0,1.0
439,518.0,85.0,1.0
440,167.0,362.0,1.0
441,438.0,257.0,1.0
442,486.0,309.0,1.0
443,135.0,325.0,1.0
444,420.0,325.0,1.0
445,235.0,280.0,1.0
446,369.0,228.0,1.0
447,388.0,73.0,1.0
448,662.0,327.0,1.0
449,550.0,405.0,1.0
450,361.0,124.0,1.0
451,142.0,342.0,1.0
452,542.0,99.0,1.0
453,359.0,271.0,1.0
454,513.0,99.0,1.0
455,292.0,28.0,1.0
456,398.0,94.0,1.0
457,501.0,100.0,1.0
458,375.0,371.0,1.0
459,471.0,376.0,1.0
460,577.0,99.0,1.0
461,587.0,131.0,1.0
462,65.0,320.0,1.0
463,72.0,135.0,1.0
464,301.0,308.0,1.0
465,480.0,405.0,1.0
466,312.0,311.0,1.0
467,462.0,274.0,1.0
468,290.0,124.0,1.0
469,568.0,134.0,1.0
470,86.0,49.0,1.0
471,453.0,224.0,1.0
472,497.0,183.0,1.0
473,353.0,24.0,1.0
474,609.0,183.0,1.0
475,473.0,38.0,1.0
476,105.0,390.0,1.0
477,339.0,328.0,1.0
478,254.0,312.0,1.0
479,335.0,362.0,1.0
480,338.0,89.0,1.0
481,71.0,404.0,1.0
482,95.0,65.0,1.0
483,72.0,390.0,1.0
484,336.0,228.0,1.0
485,571.0,239.0,1.0
486,120.0,311.0,1.0
487,193.0,378.0,1.0
488,602.0,222.0,1.0
489,622.0,244.0,1.0
490,180.0,72.0,1.0
491,356.0,128.0,1.0
492,213.0,224.0,1.0
493,563.0,405.0,1.0
494,382.0,114.0,1.0
495,474.0,271.0,1.0
496,135.0,89.0,1.0
497,267.0,50.0,1.0
498,160.0,40.0,1.0
499,239.0,99.0,1.0
500,486.0,342.0,1.0
501,604.0,238.0,1.0
502,636.0,73.0,1.0
503,351.0,293.0,1.0
504,660.0,399.0,1.0
505,608.0,128.0,1.0
506,254.0,135.0,1.0
507,578.0,183.0,1.0
508,358.0,352.0,1.0
509,150.0,322.0,1.0
510,662.0,42.0,1.0
511,18.0,281.0,1.0
512,581.0,219.0,1.0
513,148.0,135.0,1.0
514,90.0,224.0,1.0
515,426.0,99.0,1.0
516,442.0,405.0,1.0
517,571.0,144.0,1.0
518,402.0,129.0,1.0
519,635.0,149.0,1.0
520,13.0,285.0,1.0
521,2.0,107.0,1.0
522,87.0,197.0,1.0
523,145.0,344.0,1.0
524,203.0,40.0,1.0
525,358.0,184.0,1.0
526,12.0,310.0,1.0
527,452.0,11.0,1.0
528,596.0,114.0,1.0
529,8.0,173.0,1.0
530,242.0,127.0,1.0
531,488.0,247.0,1.0
532,44.0,157.0,1.0
533,163.0,383.0,1.0
534,19.0,283.0,1.0
535,247.0,128.0,1.0
536,443.0,359.0,1.0
537,454.0,124.0,1.0
538,395.0,371.0,1.0
539,346.0,347.0,1.0
540,358.0,273.0,1.0
541,261.0,85.0,1.0
542,186.0,99.0,1.0
543,603.0,43.0,1.0
544,14.0,94.0,1.0
545,349.0,280.0,1.0
546,340.0,351.0,1.0
547,455.0,342.0,1.0
548,516.0,79.0,1.0
549,72.0,364.0,1.0
550,124.0,331.0,1.0
551,407.0,251.0,1.0
552,418.0,359.0,1.0
553,64.0,149.0,1.0
554,145.0,370.0,1.0
555,255.0,174.0,1.0
556,358.0,52.0,1.0
557,275.0,107.0,1.0
558,247.0,73.0,1.0
559,499.0,41.0,1.0
560,486.0,10.0,1.0
561,507.0,83.0,1.0
562,5.0,73.0,1.0
563,662.0,207.0,1.0
564,331.0,163.0,1.0
565,227.0,272.0,1.0
566,93.0,60.0,1.0
567,315.0,312.0,1.0
568,223.0,183.0,1.0
569,29.0,164.0,1.0
570,206.0,99.0,1.0
571,253.0,183.0,1.0
572,227.0,247.0,1.0
573,519.0,133.0,1.0
574,268.0,359.0,1.0
575,459.0,186.0,1.0
576,318.0,168.0,1.0
577,660.0,345.0,1.0
578,353.0,3.0,1.0
579,430.0,107.0,1.0
580,14.0,268.0,1.0
581,560.0,38.0,1.0
582,542.0,76.0,1.0
583,430.0,99.0,1.0
584,190.0,128.0,1.0
585,260.0,405.0,1.0
586,297.0,369.0,1.0
587,316.0,243.0,1.0
588,292.0,29.0,1.0
589,387.0,178.0,1.0
590,413.0,162.0,1.0
591,94.0,168.0,1.0
592,462.0,172.0,1.0
593,450.0,331.0,1.0
594,595.0,362.0,1.0
595,486.0,357.0,1.0
596,29.0,47.0,1.0
597,245.0,21.0,1.0
598,608.0,392.0,1.0
599,459.0,147.0,1.0
600,203.0,41.0,1.0
601,67.0,359.0,1.0
602,430.0,117.0,1.0
603,85.0,318.0,1.0
604,372.0,325.0,1.0
605,443.0,358.0,1.0
606,468.0,360.0,1.0
607,387.0,107.0,1.0
608,557.0,382.0,1.0
609,394.0,183.0,1.0
610,297.0,357.0,1.0
611,214.0,405.0,1.0
612,551.0,312.0,1.0
613,452.0,176.0,1.0
614,569.0,397.0,1.0
615,12.0,130.0,1.0
616,449.0,351.0,1.0
617,559.0,259.0,1.0
618,315.0,136.0,1.0
619,60.0,89.0,1.0
620,369.0,316.0,1.0
621,607.0,88.0,1.0
622,191.0,16.0,1.0
623,75.0,117.0,1.0
624,399.0,276.0,1.0
625,248.0,159.0,1.0
626,183.0,124.0,1.0
627,358.0,53.0,1.0
628,321.0,124.0,1.0
629,162.0,40.0,1.0
630,236.0,170.0,1.0
631,436.0,396.0,1.0
632,512.0,124.0,1.0
633,551.0,117.0,1.0
634,588.0,136.0,1.0
635,268.0,102.0,1.0
636,658.0,347.0,1.0
637,265.0,99.0,1.0
638,225.0,271.0,1.0
639,367.0,128.0,1.0
640,263.0,181.0,1.0
641,643.0,390.0,1.0
642,61.0,44.0,1.0
643,493.0,350.0,1.0
644,311.0,7.0,1.0
645,303.0,118.0,1.0
646,205.0,309.0,1.0
647,414.0,40.0,1.0
648,275.0,178.0,1.0
649,172.0,305.0,1.0
650,145.0,135.0,1.0
651,429.0,392.0,1.0
652,209.0,18.0,1.0
653,435.0,379.0,1.0
654,105.0,259.0,1.0
655,397.0,177.0,1.0
656,458.0,12.0,1.0
657,78.0,183.0,1.0
658,99.0,354.0,1.0
659,486.0,364.0,1.0
660,103.0,379.0,1.0
661,369.0,234.0,1.0
662,501.0,396.0,1.0
663,19.0,369.0,1.0
664,118.0,100.0,1.0
665,411.0,99.0,1.0
666,202.0,291.0,1.0
667,368.0,188.0,1.0
668,343.0,322.0,1.0
669,625.0,359.0,1.0
670,143.0,188.0,1.0
671,199.0,403.0,1.0
672,154.0,280.0,1.0
673,303.0,5.0,1.0
674,395.0,362.0,1.0
675,574.0,17.0,1.0
676,593.0,133.0,1.0
677,40.0,73.0,1.0
678,275.0,78.0,1.0
679,71.0,382.0,1.0
680,437.0,168.0,1.0
681,85.0,40.0,1.0
682,1.0,323.0,1.0
683,559.0,136.0,1.0
684,150.0,362.0,1.0
685,625.0,371.0,1.0
686,501.0,362.0,1.0
687,204.0,124.0,1.0
688,391.0,332.0,1.0
689,633.0,107.0,1.0
690,643.0,364.0,1.0
691,166.0,163.0,1.0
692,25.0,405.0,1.0
693,222.0,8.0,1.0
694,334.0,99.0,1.0
695,179.0,69.0,1.0
696,157.0,371.0,1.0
697,627.0,123.0,1.0
698,288.0,124.0,1.0
699,367.0,56.0,1.0
700,119.0,382.0,1.0
701,464.0,405.0,1.0
702,571.0,19.0,1.0
703,493.0,392.0,1.0
704,473.0,106.0,1.0
705,145.0,259.0,1.0
706,367.0,392.0,1.0
707,152.0,297.0,1.0
708,630.0,76.0,1.0
709,552.0,201.0,1.0
710,402.0,196.0,1.0
711,214.0,94.0,1.0
712,404.0,89.0,1.0
713,161.0,134.0,1.0
714,148.0,364.0,1.0
715,625.0,362.0,1.0
716,209.0,163.0,1.0
717,408.0,125.0,1.0
718,237.0,73.0,1.0
719,524.0,371.0,1.0
720,205.0,364.0,1.0
721,483.0,280.0,1.0
722,163.0,393.0,1.0
723,501.0,358.0,1.0
724,369.0,69.0,1.0
725,248.0,81.0,1.0
726,463.0,379.0,1.0
727,29.0,160.0,1.0
728,23.0,328.0,1.0
729,19.0,9.0,1.0
730,268.0,100.0,1.0
731,559.0,370.0,1.0
732,292.0,382.0,1.0
733,248.0,382.0,1.0
734,205.0,370.0,1.0
735,489.0,247.0,1.0
736,498.0,187.0,1.0
737,90.0,113.0,1.0
738,576.0,198.0,1.0
739,109.0,117.0,1.0
740,141.0,146.0,1.0
741,309.0,122.0,1.0
742,238.0,149.0,1.0
743,550.0,124.0,1.0
744,606.0,367.0,1.0
745,88.0,69.0,1.0
746,462.0,331.0,1.0
747,583.0,24.0,1.0
748,388.0,99.0,1.0
749,146.0,100.0,1.0
750,399.0,153.0,1.0
751,227.0,239.0,1.0
752,341.0,237.0,1.0
753,251.0,18.0,1.0
754,176.0,224.0,1.0
755,260.0,118.0,1.0
756,35.0,267.0,1.0
757,603.0,318.0,1.0
758,314.0,181.0,1.0
759,192.0,322.0,1.0
760,418.0,358.0,1.0
761,529.0,318.0,1.0
762,152.0,100.0,1.0
763,102.0,89.0,1.0
764,434.0,379.0,1.0
765,138.0,135.0,1.0
766,297.0,10.0,1.0
767,621.0,128.0,1.0
768,304.0,124.0,1.0
769,47.0,163.0,1.0
770,101.0,99.0,1.0
771,502.0,268.0,1.0
772,275.0,359.0,1.0
773,471.0,128.0,1.0
774,651.0,359.0,1.0
775,117.0,347.0,1.0
776,7.0,230.0,1.0
777,303.0,243.0,1.0
778,356.0,103.0,1.0
779,260.0,21.0,1.0
780,213.0,20.0,1.0
781,394.0,322.0,1.0
782,461.0,127.0,1.0
783,533.0,40.0,1.0
784,365.0,134.0,1.0
785,461.0,385.0,1.0
786,430.0,128.0,1.0
787,643.0,370.0,1.0
788,245.0,162.0,1.0
789,95.0,20.0,1.0
790,294.0,334.0,1.0
791,14.0,232.0,1.0
792,217.0,196.0,1.0
793,184.0,76.0,1.0
794,288.0,334.0,1.0
795,561.0,405.0,1.0
796,517.0,27.0,1.0
797,205.0,344.0,1.0
798,275.0,154.0,1.0
799,573.0,69.0,1.0
800,609.0,322.0,1.0
801,109.0,56.0,1.0
802,499.0,40.0,1.0
803,101.0,396.0,1.0
804,178.0,163.0,1.0
805,86.0,133.0,1.0
806,409.0,334.0,1.0
807,99.0,8.0,1.0
808,61.0,105.0,1.0
809,275.0,106.0,1.0
810,332.0,347.0,1.0
811,569.0,293.0,1.0
812,152.0,267.0,1.0
813,244.0,156.0,1.0
814,94.0,48.0,1.0
815,127.0,99.0,1.0
816,72.0,259.0,1.0
817,163.0,254.0,1.0
818,113.0,149.0,1.0
819,229.0,12.0,1.0
820,70.0,272.0,1.0
821,75.0,303.0,1.0
822,510.0,267.0,1.0
823,455.0,344.0,1.0
824,42.0,404.0,1.0
825,131.0,18.0,1.0
826,184.0,133.0,1.0
827,564.0,124.0,1.0
828,227.0,224.0,1.0
829,257.0,199.0,1.0
830,50.0,377.0,1.0
831,502.0,130.0,1.0
832,646.0,145.0,1.0
833,429.0,128.0,1.0
834,587.0,156.0,1.0
835,387.0,316.0,1.0
836,475.0,43.0,1.0
837,412.0,382.0,1.0
838,119.0,404.0,1.0
839,561.0,124.0,1.0
840,172.0,340.0,1.0
841,116.0,314.0,1.0
842,457.0,73.0,1.0
843,41.0,124.0,1.0
844,453.0,208.0,1.0
845,145.0,37.0,1.0
846,247.0,99.0,1.0
847,411.0,396.0,1.0
848,552.0,33.0,1.0
849,69.0,190.0,1.0
850,587.0,147.0,1.0
851,406.0,99.0,1.0
852,86.0,378.0,1.0
853,14.0,301.0,1.0
854,499.0,43.0,1.0
855,633.0,355.0,1.0
856,170.0,366.0,1.0
857,14.0,93.0,1.0
858,437.0,351.0,1.0
859,614.0,149.0,1.0
860,248.0,124.0,1.0
861,387.0,280.0,1.0
862,109.0,346.0,1.0
863,400.0,124.0,1.0
864,174.0,24.0,1.0
865,584.0,115.0,1.0
866,251.0,298.0,1.0
867,275.0,245.0,1.0
868,356.0,181.0,1.0
869,50.0,117.0,1.0
870,171.0,405.0,1.0
871,275.0,229.0,1.0
872,275.0,355.0,1.0
873,262.0,298.0,1.0
874,567.0,405.0,1.0
875,444.0,405.0,1.0
876,21.0,209.0,1.0
877,559.0,134.0,1.0
878,367.0,181.0,1.0
879,576.0,336.0,1.0
880,217.0,124.0,1.0
881,275.0,97.0,1.0
882,500.0,149.0,1.0
883,261.0,168.0,1.0
884,1.0,299.0,1.0
885,438.0,280.0,1.0
886,615.0,223.0,1.0
887,84.0,371.0,1.0
888,373.0,149.0,1.0
889,581.0,112.0,1.0
890,53.0,318.0,1.0
891,588.0,309.0,1.0
892,30.0,361.0,1.0
893,149.0,36.0,1.0
894,502.0,94.0,1.0
895,506.0,100.0,1.0
896,226.0,99.0,1.0
897,415.0,32.0,1.0
898,225.0,89.0,1.0
899,176.0,239.0,1.0
900,497.0,322.0,1.0
901,245.0,289.0,1.0
902,528.0,244.0,1.0
903,587.0,196.0,1.0
904,253.0,371.0,1.0
905,228.0,94.0,1.0
906,402.0,124.0,1.0
907,293.0,362.0,1.0
908,115.0,359.0,1.0
909,379.0,222.0,1.0
910,36.0,128.0,1.0
911,281.0,280.0,1.0
912,505.0,105.0,1.0
913,306.0,331.0,1.0
914,502.0,310.0,1.0
915,579.0,183.0,1.0
916,377.0,9.0,1.0
917,97.0,382.0,1.0
918,170.0,371.0,1.0
919,348.0,166.0,1.0
920,142.0,391.0,1.0
921,169.0,89.0,1.0
922,382.0,280.0,1.0
923,384.0,280.0,1.0
924,353.0,197.0,1.0
925,574.0,99.0,1.0
926,285.0,322.0,1.0
927,164.0,196.0,1.0
928,90.0,272.0,1.0
929,546.0,405.0,1.0
930,661.0,371.0,1.0
931,226.0,323.0,1.0
932,423.0,238.0,1.0
933,9.0,93.0,1.0
934,241.0,224.0,1.0
935,526.0,28.0,1.0
936,26.0,405.0,1.0
937,569.0,386.0,1.0
938,514.0,88.0,1.0
939,617.0,134.0,1.0
940,150.0,183.0,1.0
941,484.0,166.0,1.0
942,518.0,65.0,1.0
943,87.0,144.0,1.0
944,208.0,392.0,1.0
945,53.0,41.0,1.0
946,552.0,163.0,1.0
947,381.0,280.0,1.0
948,267.0,399.0,1.0
949,662.0,333.0,1.0
950,516.0,80.0,1.0
951,152.0,396.0,1.0
952,83.0,247.0,1.0
953,482.0,94.0,1.0
954,203.0,318.0,1.0
955,145.0,136.0,1.0
956,596.0,24.0,1.0
957,470.0,345.0,1.0
958,161.0,370.0,1.0
959,88.0,124.0,1.0
960,307.0,405.0,1.0
961,84.0,359.0,1.0
962,140.0,209.0,1.0
963,78.0,322.0,1.0
964,533.0,41.0,1.0
965,461.0,99.0,1.0
966,119.0,146.0,1.0
967,651.0,347.0,1.0
968,389.0,163.0,1.0
969,72.0,309.0,1.0
970,468.0,113.0,1.0
971,395.0,359.0,1.0
972,317.0,183.0,1.0
973,240.0,124.0,1.0
974,114.0,21.0,1.0
975,621.0,89.0,1.0
976,107.0,405.0,1.0
977,459.0,244.0,1.0
978,210.0,152.0,1.0
979,445.0,261.0,1.0
980,498.0,406.0,1.0
981,88.0,334.0,1.0
982,152.0,332.0,1.0
983,186.0,73.0,1.0
984,9.0,283.0,1.0
985,599.0,294.0,1.0
986,268.0,147.0,1.0
987,511.0,362.0,1.0
988,101.0,89.0,1.0
989,382.0,274.0,1.0
990,525.0,146.0,1.0
991,656.0,202.0,1.0
992,34.0,134.0,1.0
993,93.0,58.0,1.0
994,418.0,347.0,1.0
995,248.0,7.0,1.0
996,275.0,402.0,1.0
997,519.0,49.0,1.0
998,275.0,5.0,1.0
999,446.0,371.0,1.0
1000,546.0,174.0,1.0
1001,546.0,124.0,1.0
1002,5.0,376.0,1.0
1003,465.0,183.0,1.0
1004,392.0,396.0,1.0
1005,462.0,239.0,1.0
1006,138.0,134.0,1.0
1007,593.0,125.0,1.0
1008,192.0,188.0,1.0
1009,491.0,235.0,1.0
1010,570.0,163.0,1.0
1011,199.0,73.0,1.0
1012,163.0,215.0,1.0
1013,230.0,244.0,1.0
1014,103.0,117.0,1.0
1015,607.0,405.0,1.0
1016,331.0,120.0,1.0
1017,252.0,103.0,1.0
1018,299.0,124.0,1.0
1019,343.0,371.0,1.0
1020,104.0,81.0,1.0
1021,189.0,174.0,1.0
1022,305.0,124.0,1.0
1023,570.0,162.0,1.0
1024,387.0,196.0,1.0
1025,447.0,83.0,1.0
1026,552.0,225.0,1.0
1027,578.0,322.0,1.0
1028,650.0,347.0,1.0
1029,71.0,118.0,1.0
1030,241.0,277.0,1.0
1031,287.0,199.0,1.0
1032,166.0,344.0,1.0
1033,268.0,27.0,1.0
1034,244.0,280.0,1.0
1035,145.0,309.0,1.0
1036,277.0,100.0,1.0
1037,396.0,405.0,1.0
1038,396.0,124.0,1.0
1039,166.0,261.0,1.0
1040,70.0,247.0,1.0
1041,442.0,124.0,1.0
1042,328.0,359.0,1.0
1043,422.0,298.0,1.0
1044,412.0,404.0,1.0
1045,122.0,8.0,1.0
1046,72.0,37.0,1.0
1047,290.0,67.0,1.0
1048,318.0,197.0,1.0
1049,413.0,313.0,1.0
1050,312.0,174.0,1.0
1051,54.0,124.0,1.0
1052,242.0,8.0,1.0
1053,436.0,99.0,1.0
1054,464.0,39.0,1.0
1055,104.0,243.0,1.0
1056,170.0,149.0,1.0
1057,387.0,356.0,1.0
1058,241.0,20.0,1.0
1059,28.0,183.0,1.0
1060,321.0,401.0,1.0
1061,462.0,257.0,1.0
1062,640.0,21.0,1.0
1063,248.0,325.0,1.0
1064,237.0,181.0,1.0
1065,345.0,89.0,1.0
1066,470.0,237.0,1.0
1067,19.0,408.0,1.0
1068,509.0,199.0,1.0
1069,551.0,135.0,1.0
1070,19.0,214.0,1.0
1071,49.0,125.0,1.0
1072,77.0,331.0,1.0
1073,293.0,358.0,1.0
1074,194.0,7.0,1.0
1075,483.0,151.0,1.0
1076,552.0,398.0,1.0
1077,37.0,68.0,1.0
1078,295.0,289.0,1.0
1079,289.0,197.0,1.0
1080,339.0,36.0,1.0
1081,535.0,382.0,1.0
1082,587.0,362.0,1.0
1083,122.0,124.0,1.0
1084,87.0,3.0,1.0
1085,24.0,133.0,1.0
1086,457.0,128.0,1.0
1087,613.0,199.0,1.0
1088,466.0,99.0,1.0
1089,193.0,149.0,1.0
1090,185.0,108.0,1.0
1091,75.0,289.0,1.0
1092,14.0,258.0,1.0
1093,139.0,28.0,1.0
1094,500.0,181.0,1.0
1095,628.0,396.0,1.0
1096,287.0,161.0,1.0
1097,275.0,38.0,1.0
1098,188.0,302.0,1.0
1099,83.0,129.0,1.0
1100,461.0,386.0,1.0
1101,278.0,221.0,1.0
1102,96.0,280.0,1.0
1103,383.0,371.0,1.0
1104,70.0,70.0,1.0
1105,241.0,222.0,1.0
1106,651.0,362.0,1.0
1107,448.0,328.0,1.0
1108,241.0,350.0,1.0
1109,318.0,3.0,1.0
1110,319.0,359.0,1.0
1111,397.0,124.0,1.0
1112,199.0,392.0,1.0
1113,357.0,36.0,1.0
1114,183.0,119.0,1.0
1115,401.0,132.0,1.0
1116,521.0,358.0,1.0
1117,339.0,308.0,1.0
1118,109.0,55.0,1.0
1119,146.0,69.0,1.0
1120,556.0,239.0,1.0
1121,147.0,382.0,1.0
1122,567.0,146.0,1.0
1123,446.0,362.0,1.0
1124,14.0,61.0,1.0
1125,464.0,124.0,1.0
1126,24.0,378.0,1.0
1127,346.0,358.0,1.0
1128,468.0,155.0,1.0
1129,595.0,359.0,1.0
1130,40.0,99.0,1.0
1131,48.0,94.0,1.0
1132,489.0,274.0,1.0
1133,363.0,308.0,1.0
1134,631.0,297.0,1.0
1135,560.0,27.0,1.0
1136,153.0,360.0,1.0
1137,245.0,138.0,1.0
1138,284.0,257.0,1.0
1139,571.0,272.0,1.0
1140,625.0,347.0,1.0
1141,655.0,11.0,1.0
1142,81.0,28.0,1.0
1143,587.0,316.0,1.0
1144,146.0,68.0,1.0
1145,195.0,127.0,1.0
1146,110.0,40.0,1.0
1147,135.0,174.0,1.0
1148,463.0,117.0,1.0
1149,305.0,219.0,1.0
1150,490.0,354.0,1.0
1151,199.0,63.0,1.0
1152,576.0,317.0,1.0
1153,637.0,280.0,1.0
1154,515.0,80.0,1.0
1155,118.0,358.0,1.0
1156,161.0,135.0,1.0
1157,482.0,40.0,1.0
1158,198.0,3.0,1.0
1159,588.0,259.0,1.0
1160,422.0,18.0,1.0
1161,489.0,252.0,1.0
1162,514.0,124.0,1.0
1163,136.0,289.0,1.0
1164,649.0,148.0,1.0
1165,184.0,99.0,1.0
1166,590.0,149.0,1.0
1167,492.0,6.0,1.0
1168,370.0,145.0,1.0
1169,571.0,331.0,1.0
1170,99.0,199.0,1.0
1171,461.0,1.0,1.0
1172,80.0,71.0,1.0
1173,261.0,3.0,1.0
1174,430.0,181.0,1.0
1175,284.0,25.0,1.0
1176,591.0,124.0,1.0
1177,99.0,149.0,1.0
1178,140.0,195.0,1.0
1179,486.0,312.0,1.0
1180,511.0,358.0,1.0
1181,402.0,177.0,1.0
1182,567.0,316.0,1.0
1183,433.0,359.0,1.0
1184,498.0,374.0,1.0
1185,76.0,124.0,1.0
1186,486.0,390.0,1.0
1187,388.0,392.0,1.0
1188,154.0,341.0,1.0
1189,166.0,259.0,1.0
1190,9.0,94.0,1.0
1191,493.0,89.0,1.0
1192,142.0,408.0,1.0
1193,378.0,99.0,1.0
1194,110.0,153.0,1.0
1195,412.0,28.0,1.0
1196,107.0,124.0,1.0
1197,214.0,221.0,1.0
1198,142.0,357.0,1.0
1199,166.0,364.0,1.0
1200,209.0,267.0,1.0
1201,383.0,396.0,1.0
1202,34.0,135.0,1.0
1203,116.0,163.0,1.0
1204,49.0,133.0,1.0
1205,72.0,134.0,1.0
1206,544.0,16.0,1.0
1207,63.0,135.0,1.0
1208,645.0,365.0,1.0
1209,543.0,267.0,1.0
1210,455.0,134.0,1.0
1211,630.0,332.0,1.0
1212,384.0,114.0,1.0
1213,341.0,25.0,1.0
1214,360.0,124.0,1.0
1215,652.0,347.0,1.0
1216,146.0,396.0,1.0
1217,263.0,73.0,1.0
1218,546.0,311.0,1.0
1219,168.0,224.0,1.0
1220,505.0,280.0,1.0
1221,275.0,44.0,1.0
1222,358.0,293.0,1.0
1223,19.0,354.0,1.0
1224,540.0,371.0,1.0
1225,413.0,397.0,1.0
1226,43.0,124.0,1.0
1227,315.0,259.0,1.0
1228,160.0,41.0,1.0
1229,212.0,89.0,1.0
1230,535.0,405.0,1.0
1231,258.0,124.0,1.0
1232,70.0,280.0,1.0
1233,486.0,370.0,1.0
1234,247.0,181.0,1.0
1235,322.0,12.0,1.0
1236,576.0,325.0,1.0
1237,661.0,347.0,1.0
1238,111.0,183.0,1.0
1239,47.0,18.0,1.0
1240,267.0,280.0,1.0
1241,662.0,326.0,1.0
1242,260.0,138.0,1.0
1243,328.0,347.0,1.0
1244,93.0,57.0,1.0
1245,310.0,108.0,1.0
1246,238.0,0.0,1.0
1247,273.0,130.0,1.0
1248,551.0,309.0,1.0
1249,105.0,136.0,1.0
1250,356.0,73.0,1.0
1251,331.0,37.0,1.0
1252,111.0,188.0,1.0
1253,14.0,310.0,1.0
1254,234.0,279.0,1.0
1255,576.0,227.0,1.0
1256,248.0,138.0,1.0
1257,275.0,117.0,1.0
1258,420.0,122.0,1.0
1259,254.0,344.0,1.0
1260,268.0,362.0,1.0
1261,156.0,243.0,1.0
1262,199.0,128.0,1.0
1263,187.0,169.0,1.0
1264,426.0,38.0,1.0
1265,545.0,99.0,1.0
1266,308.0,117.0,1.0
1267,111.0,322.0,1.0
1268,611.0,228.0,1.0
1269,342.0,279.0,1.0
1270,662.0,348.0,1.0
1271,199.0,376.0,1.0
1272,461.0,352.0,1.0
1273,215.0,68.0,1.0
1274,383.0,359.0,1.0
1275,52.0,188.0,1.0
1276,118.0,362.0,1.0
1277,351.0,184.0,1.0
1278,143.0,177.0,1.0
1279,30.0,76.0,1.0
1280,653.0,359.0,1.0
1281,62.0,271.0,1.0
1282,275.0,186.0,1.0
1283,241.0,272.0,1.0
1284,173.0,351.0,1.0
1285,555.0,208.0,1.0
1286,25.0,124.0,1.0
1287,576.0,308.0,1.0
1288,333.0,73.0,1.0
1289,292.0,174.0,1.0
1290,570.0,118.0,1.0
1291,153.0,85.0,1.0
1292,151.0,199.0,1.0
1293,307.0,78.0,1.0
1294,387.0,5.0,1.0
1295,430.0,350.0,1.0
1296,486.0,259.0,1.0
1297,354.0,73.0,1.0
1298,634.0,358.0,1.0
1299,569.0,313.0,1.0
1300,476.0,351.0,1.0
1301,369.0,199.0,1.0
1302,505.0,224.0,1.0
1303,462.0,345.0,1.0
1304,175.0,38.0,1.0
1305,248.0,405.0,1.0
1306,376.0,318.0,1.0
1307,453.0,272.0,1.0
1308,363.0,157.0,1.0
1309,551.0,259.0,1.0
1310,70.0,224.0,1.0
1311,256.0,347.0,1.0
1312,161.0,312.0,1.0
1313,295.0,379.0,1.0
1314,175.0,359.0,1.0
1315,451.0,188.0,1.0
1316,536.0,131.0,1.0
1317,356.0,117.0,1.0
1318,627.0,361.0,1.0
1319,626.0,191.0,1.0
1320,337.0,106.0,1.0
1321,453.0,19.0,1.0
1322,241.0,274.0,1.0
1323,134.0,95.0,1.0
1324,241.0,257.0,1.0
1325,226.0,76.0,1.0
1326,282.0,92.0,1.0
1327,227.0,331.0,1.0
1328,433.0,371.0,1.0
1329,387.0,402.0,1.0
1330,513.0,131.0,1.0
1331,306.0,280.0,1.0
1332,176.0,208.0,1.0
1333,115.0,347.0,1.0
1334,214.0,124.0,1.0
1335,332.0,371.0,1.0
1336,402.0,405.0,1.0
1337,115.0,362.0,1.0
1338,630.0,267.0,1.0
1339,244.0,224.0,1.0
1340,71.0,405.0,1.0
1341,653.0,362.0,1.0
1342,640.0,118.0,1.0
1343,580.0,149.0,1.0
1344,63.0,37.0,1.0
1345,587.0,330.0,1.0
1346,58.0,399.0,1.0
1347,421.0,138.0,1.0
1348,427.0,267.0,1.0
1349,109.0,128.0,1.0
1350,14.0,282.0,1.0
1351,285.0,188.0,1.0
1352,208.0,128.0,1.0
1353,215.0,405.0,1.0
1354,642.0,399.0,1.0
1355,330.0,44.0,1.0
1356,119.0,124.0,1.0
1357,413.0,228.0,1.0
1358,148.0,344.0,1.0
1359,622.0,119.0,1.0
1360,326.0,209.0,1.0
1361,136.0,69.0,1.0
1362,651.0,358.0,1.0
1363,304.0,94.0,1.0
1364,138.0,370.0,1.0
1365,242.0,1.0,1.0
1366,576.0,373.0,1.0
1367,417.0,117.0,1.0
1368,499.0,318.0,1.0
1369,225.0,131.0,1.0
1370,415.0,134.0,1.0
1371,309.0,164.0,1.0
1372,643.0,312.0,1.0
1373,305.0,278.0,1.0
1374,662.0,338.0,1.0
1375,239.0,359.0,1.0
1376,409.0,124.0,1.0
1377,4.0,137.0,1.0
1378,583.0,101.0,1.0
1379,636.0,392.0,1.0
1380,331.0,134.0,1.0
1381,275.0,183.0,1.0
1382,387.0,298.0,1.0
1383,337.0,96.0,1.0
1384,7.0,242.0,1.0
1385,407.0,316.0,1.0
1386,115.0,222.0,1.0
1387,118.0,359.0,1.0
1388,430.0,328.0,1.0
1389,175.0,106.0,1.0
1390,276.0,84.0,1.0
1391,227.0,274.0,1.0
1392,245.0,124.0,1.0
1393,592.0,84.0,1.0
1394,330.0,123.0,1.0
1395,252.0,302.0,1.0
1396,232.0,351.0,1.0
1397,603.0,41.0,1.0
1398,346.0,362.0,1.0
1399,610.0,392.0,1.0
1400,387.0,97.0,1.0
1401,316.0,133.0,1.0
1402,46.0,95.0,1.0
1403,493.0,103.0,1.0
1404,329.0,322.0,1.0
1405,340.0,314.0,1.0
1406,165.0,76.0,1.0
1407,145.0,390.0,1.0
1408,138.0,136.0,1.0
1409,358.0,386.0,1.0
1410,268.0,8.0,1.0
1411,155.0,405.0,1.0
1412,208.0,350.0,1.0
1413,72.0,312.0,1.0
1414,307.0,94.0,1.0
1415,130.0,149.0,1.0
1416,600.0,88.0,1.0
1417,275.0,347.0,1.0
1418,321.0,36.0,1.0
1419,12.0,93.0,1.0
1420,634.0,359.0,1.0
1421,0.0,24.0,1.0
1422,484.0,19.0,1.0
1423,335.0,358.0,1.0
1424,22.0,93.0,1.0
1425,258.0,196.0,1.0
1426,199.0,141.0,1.0
1427,202.0,133.0,1.0
1428,462.0,247.0,1.0
1429,486.0,136.0,1.0
1430,498.0,296.0,1.0
1431,376.0,40.0,1.0
1432,395.0,347.0,1.0
1433,294.0,322.0,1.0
1434,275.0,175.0,1.0
1435,446.0,347.0,1.0
1436,643.0,309.0,1.0
1437,643.0,259.0,1.0
1438,576.0,328.0,1.0
1439,15.0,263.0,1.0
1440,610.0,128.0,1.0
1441,629.0,64.0,1.0
1442,551.0,99.0,1.0
1443,22.0,282.0,1.0
1444,457.0,376.0,1.0
1445,485.0,382.0,1.0
1446,213.0,151.0,1.0
1447,572.0,278.0,1.0
1448,174.0,85.0,1.0
1449,66.0,127.0,1.0
1450,532.0,18.0,1.0
1451,613.0,228.0,1.0
1452,328.0,362.0,1.0
1453,377.0,10.0,1.0
1454,586.0,117.0,1.0
1455,48.0,316.0,1.0
1456,579.0,188.0,1.0
1457,73.0,124.0,1.0
1458,245.0,74.0,1.0
1459,518.0,144.0,1.0
1460,444.0,124.0,1.0
1461,572.0,68.0,1.0
1462,459.0,271.0,1.0
1463,183.0,405.0,1.0
1464,21.0,262.0,1.0
1465,12.0,282.0,1.0
1466,315.0,344.0,1.0
1467,170.0,368.0,1.0
1468,469.0,24.0,1.0
1469,98.0,124.0,1.0
1470,354.0,392.0,1.0
1471,482.0,405.0,1.0
1472,166.0,390.0,1.0
1473,581.0,278.0,1.0
1474,275.0,100.0,1.0
1475,343.0,183.0,1.0
1476,203.0,43.0,1.0
1477,275.0,156.0,1.0
1478,217.0,405.0,1.0
1479,327.0,163.0,1.0
1480,166.0,174.0,1.0
1481,358.0,51.0,1.0
1482,117.0,358.0,1.0
1483,26.0,124.0,1.0
1484,377.0,408.0,1.0
1485,455.0,391.0,1.0
1486,634.0,362.0,1.0
1487,242.0,149.0,1.0
1488,196.0,149.0,1.0
1489,620.0,351.0,1.0
1490,475.0,318.0,1.0
1491,356.0,55.0,1.0
1492,429.0,73.0,1.0
1493,377.0,354.0,1.0
1494,317.0,322.0,1.0
1495,146.0,89.0,1.0
1496,205.0,136.0,1.0
1497,500.0,73.0,1.0
1498,80.0,250.0,1.0
1499,117.0,362.0,1.0
1500,48.0,405.0,1.0
1501,12.0,301.0,1.0
1502,294.0,68.0,1.0
1503,592.0,80.0,1.0
1504,201.0,404.0,1.0
1505,251.0,163.0,1.0
1506,74.0,347.0,1.0
1507,75.0,378.0,1.0
1508,588.0,370.0,1.0
1509,59.0,222.0,1.0
1510,71.0,162.0,1.0
1511,587.0,183.0,1.0
1512,401.0,130.0,1.0
1513,92.0,99.0,1.0
1514,654.0,347.0,1.0
1515,441.0,31.0,1.0
1516,253.0,322.0,1.0
1517,301.0,404.0,1.0
1518,423.0,255.0,1.0
1519,141.0,401.0,1.0
1520,29.0,99.0,1.0
1521,250.0,94.0,1.0
1522,241.0,19.0,1.0
1523,625.0,183.0,1.0
1524,387.0,271.0,1.0
1525,105.0,309.0,1.0
1526,572.0,219.0,1.0
1527,202.0,256.0,1.0
1528,604.0,324.0,1.0
1529,646.0,269.0,1.0
1530,109.0,181.0,1.0
1531,596.0,144.0,1.0
1532,453.0,239.0,1.0
1533,443.0,362.0,1.0
1534,482.0,41.0,1.0
1535,397.0,196.0,1.0
1536,643.0,136.0,1.0
1537,119.0,405.0,1.0
1538,166.0,212.0,1.0
1539,331.0,14.0,1.0
1540,32.0,124.0,1.0
1541,26.0,94.0,1.0
1542,356.0,392.0,1.0
1543,343.0,222.0,1.0
1544,578.0,371.0,1.0
1545,440.0,405.0,1.0
1546,576.0,110.0,1.0
1547,96.0,245.0,1.0
1548,53.0,40.0,1.0
1549,631.0,332.0,1.0
1550,154.0,360.0,1.0
1551,148.0,136.0,1.0
1552,242.0,164.0,1.0
1553,223.0,131.0,1.0
1554,103.0,289.0,1.0
1555,145.0,134.0,1.0
1556,430.0,402.0,1.0
1557,372.0,115.0,1.0
1558,430.0,36.0,1.0
1559,552.0,77.0,1.0
1560,453.0,237.0,1.0
1561,73.0,405.0,1.0
1562,451.0,322.0,1.0
1563,170.0,289.0,1.0
1564,462.0,65.0,1.0
1565,461.0,387.0,1.0
1566,175.0,358.0,1.0
1567,133.0,153.0,1.0
1568,595.0,347.0,1.0
1569,598.0,239.0,1.0
1570,226.0,243.0,1.0
1571,202.0,126.0,1.0
1572,166.0,370.0,1.0
1573,204.0,94.0,1.0
1574,140.0,192.0,1.0
1575,618.0,221.0,1.0
1576,415.0,44.0,1.0
1577,572.0,124.0,1.0
1578,400.0,401.0,1.0
1579,400.0,145.0,1.0
1580,204.0,405.0,1.0
1581,35.0,332.0,1.0
1582,573.0,334.0,1.0
1583,356.0,99.0,1.0
1584,484.0,105.0,1.0
1585,505.0,19.0,1.0
1586,196.0,89.0,1.0
1587,296.0,318.0,1.0
1588,245.0,28.0,1.0
1589,653.0,358.0,1.0
1590,315.0,309.0,1.0
1591,567.0,94.0,1.0
1592,551.0,122.0,1.0
1593,160.0,43.0,1.0
1594,561.0,99.0,1.0
1595,462.0,158.0,1.0
1596,585.0,16.0,1.0
1597,601.0,24.0,1.0
1598,237.0,128.0,1.0
1599,199.0,142.0,1.0
1600,199.0,181.0,1.0
1601,478.0,18.0,1.0
1602,220.0,85.0,1.0
1603,438.0,20.0,1.0
1604,527.0,43.0,1.0
1605,110.0,318.0,1.0
1606,146.0,95.0,1.0
1607,439.0,73.0,1.0
1608,420.0,99.0,1.0
1609,328.0,38.0,1.0
1610,610.0,73.0,1.0
1611,587.0,222.0,1.0
1612,548.0,340.0,1.0
1613,335.0,359.0,1.0
1614,619.0,241.0,1.0
1615,153.0,158.0,1.0
1616,227.0,252.0,1.0
1617,208.0,181.0,1.0
1618,505.0,272.0,1.0
1619,543.0,76.0,1.0
1620,654.0,362.0,1.0
1621,351.0,386.0,1.0
1622,351.0,273.0,1.0
1623,337.0,35.0,1.0
1624,209.0,298.0,1.0
1625,351.0,352.0,1.0
1626,506.0,120.0,1.0
1627,109.0,236.0,1.0
1628,167.0,359.0,1.0
1629,453.0,331.0,1.0
1630,113.0,125.0,1.0
1631,20.0,199.0,1.0
1632,268.0,55.0,1.0
1633,5.0,99.0,1.0
1634,407.0,188.0,1.0
1635,361.0,405.0,1.0
1636,455.0,369.0,1.0
1637,407.0,196.0,1.0
1638,459.0,222.0,1.0
1639,565.0,382.0,1.0
1640,27.0,12.0,1.0
1641,200.0,124.0,1.0
1642,228.0,405.0,1.0
1643,148.0,309.0,1.0
1644,32.0,405.0,1.0
1645,245.0,117.0,1.0
1646,383.0,362.0,1.0
1647,303.0,229.0,1.0
1648,328.0,222.0,1.0
1649,314.0,109.0,1.0
1650,90.0,19.0,1.0
1651,511.0,347.0,1.0
1652,164.0,124.0,1.0
1653,143.0,196.0,1.0
1654,170.0,22.0,1.0
1655,319.0,347.0,1.0
1656,148.0,259.0,1.0
1657,418.0,362.0,1.0
1658,587.0,107.0,1.0
1659,438.0,54.0,1.0
1660,77.0,345.0,1.0
1661,194.0,212.0,1.0
1662,84.0,362.0,1.0
1663,147.0,404.0,1.0
1664,155.0,124.0,1.0
1665,462.0,280.0,1.0
1666,493.0,376.0,1.0
1667,208.0,376.0,1.0
1668,477.0,124.0,1.0
1669,369.0,196.0,1.0
1670,252.0,376.0,1.0
1671,343.0,347.0,1.0
1672,264.0,147.0,1.0
1673,205.0,259.0,1.0
1674,83.0,132.0,1.0
1675,337.0,233.0,1.0
1676,467.0,322.0,1.0
1677,464.0,182.0,1.0
1678,239.0,347.0,1.0
1679,324.0,318.0,1.0
1680,100.0,117.0,1.0
1681,231.0,222.0,1.0
1682,364.0,316.0,1.0
1683,136.0,405.0,1.0
1684,299.0,94.0,1.0
1685,324.0,41.0,1.0
1686,575.0,24.0,1.0
1687,279.0,173.0,1.0
1688,110.0,6.0,1.0
1689,170.0,347.0,1.0
1690,229.0,24.0,1.0
1691,441.0,195.0,1.0
1692,197.0,247.0,1.0
1693,349.0,277.0,1.0
1694,240.0,269.0,1.0
1695,518.0,25.0,1.0
1696,538.0,280.0,1.0
1697,267.0,239.0,1.0
1698,636.0,128.0,1.0
1699,310.0,407.0,1.0
1700,261.0,48.0,1.0
1701,457.0,392.0,1.0
1702,503.0,362.0,1.0
1703,182.0,371.0,1.0
1704,319.0,371.0,1.0
1705,661.0,359.0,1.0
1706,91.0,99.0,1.0
1707,297.0,9.0,1.0
1708,150.0,347.0,1.0
1709,493.0,73.0,1.0
1710,57.0,196.0,1.0
1711,74.0,362.0,1.0
1712,387.0,44.0,1.0
1713,363.0,36.0,1.0
1714,195.0,99.0,1.0
1715,244.0,101.0,1.0
1716,79.0,157.0,1.0
1717,657.0,162.0,1.0
1718,19.0,37.0,1.0
1719,56.0,1.0,1.0
1720,460.0,62.0,1.0
1721,193.0,133.0,1.0
1722,535.0,124.0,1.0
1723,455.0,354.0,1.0
1724,179.0,334.0,1.0
1725,333.0,392.0,1.0
1726,552.0,304.0,1.0
1727,48.0,124.0,1.0
1728,504.0,16.0,1.0
1729,449.0,168.0,1.0
1730,569.0,388.0,1.0
1731,211.0,99.0,1.0
1732,467.0,183.0,1.0
1733,400.0,18.0,1.0
1734,607.0,124.0,1.0
1735,490.0,9.0,1.0
1736,559.0,364.0,1.0
1737,530.0,382.0,1.0
1738,567.0,346.0,1.0
1739,320.0,99.0,1.0
1740,633.0,335.0,1.0
1741,455.0,364.0,1.0
1742,292.0,117.0,1.0
1743,164.0,405.0,1.0
1744,610.0,376.0,1.0
1745,16.0,202.0,1.0
1746,49.0,209.0,1.0
1747,40.0,64.0,1.0
1748,493.0,243.0,1.0
1749,166.0,136.0,1.0
1750,401.0,3.0,1.0
1751,60.0,117.0,1.0
1752,142.0,37.0,1.0
1753,397.0,405.0,1.0
1754,273.0,3.0,1.0
1755,50.0,379.0,1.0
1756,120.0,174.0,1.0
1757,558.0,24.0,1.0
1758,502.0,301.0,1.0
1759,280.0,80.0,1.0
1760,182.0,347.0,1.0
1761,471.0,392.0,1.0
1762,298.0,24.0,1.0
1763,574.0,174.0,1.0
1764,470.0,399.0,1.0
1765,321.0,221.0,1.0
1766,537.0,99.0,1.0
1767,169.0,262.0,1.0
1768,651.0,371.0,1.0
1769,428.0,183.0,1.0
1770,587.0,55.0,1.0
1771,90.0,114.0,1.0
1772,430.0,103.0,1.0
1773,150.0,358.0,1.0
1774,38.0,351.0,1.0
1775,388.0,181.0,1.0
1776,144.0,20.0,1.0
1777,241.0,237.0,1.0
1778,137.0,145.0,1.0
1779,576.0,44.0,1.0
1780,409.0,69.0,1.0
1781,37.0,405.0,1.0
1782,662.0,315.0,1.0
1783,529.0,41.0,1.0
1784,455.0,309.0,1.0
1785,156.0,133.0,1.0
1786,251.0,314.0,1.0
1787,566.0,329.0,1.0
1788,450.0,351.0,1.0
1789,238.0,365.0,1.0
1790,490.0,37.0,1.0
1791,402.0,182.0,1.0
1792,471.0,89.0,1.0
1793,454.0,305.0,1.0
1794,275.0,280.0,1.0
1795,150.0,359.0,1.0
1796,546.0,119.0,1.0
1797,502.0,93.0,1.0
1798,109.0,99.0,1.0
1799,314.0,73.0,1.0
1800,154.0,3.0,1.0
1801,193.0,49.0,1.0
1802,449.0,153.0,1.0
1803,594.0,124.0,1.0
1804,163.0,384.0,1.0
1805,161.0,259.0,1.0
1806,198.0,24.0,1.0
1807,516.0,91.0,1.0
1808,29.0,75.0,1.0
1809,315.0,134.0,1.0
1810,75.0,353.0,1.0
1811,464.0,196.0,1.0
1812,337.0,150.0,1.0
1813,314.0,392.0,1.0
1814,252.0,181.0,1.0
1815,569.0,352.0,1.0
1816,576.0,90.0,1.0
1817,598.0,345.0,1.0
1818,258.0,182.0,1.0
1819,551.0,136.0,1.0
1820,653.0,347.0,1.0
1821,83.0,78.0,1.0
1822,419.0,99.0,1.0
1823,26.0,221.0,1.0
1824,461.0,162.0,1.0
1825,451.0,183.0,1.0
1826,587.0,347.0,1.0
1827,552.0,226.0,1.0
1828,591.0,145.0,1.0
1829,40.0,89.0,1.0
1830,170.0,358.0,1.0
1831,429.0,99.0,1.0
1832,644.0,11.0,1.0
1833,170.0,359.0,1.0
1834,621.0,392.0,1.0
1835,261.0,360.0,1.0
1836,327.0,18.0,1.0
1837,506.0,89.0,1.0
1838,273.0,103.0,1.0
1839,403.0,265.0,1.0
1840,455.0,135.0,1.0
1841,275.0,356.0,1.0
1842,348.0,212.0,1.0
1843,563.0,124.0,1.0
1844,434.0,117.0,1.0
1845,461.0,293.0,1.0
1846,465.0,322.0,1.0
1847,210.0,46.0,1.0
1848,170.0,117.0,1.0
1849,263.0,99.0,1.0
1850,328.0,271.0,1.0
1851,296.0,43.0,1.0
1852,301.0,382.0,1.0
1853,11.0,73.0,1.0
1854,578.0,166.0,1.0
1855,387.0,372.0,1.0
1856,178.0,314.0,1.0
1857,454.0,129.0,1.0
1858,589.0,371.0,1.0
1859,351.0,388.0,1.0
1860,333.0,128.0,1.0
1861,443.0,347.0,1.0
1862,596.0,113.0,1.0
1863,70.0,239.0,1.0
1864,633.0,356.0,1.0
1865,114.0,118.0,1.0
1866,328.0,131.0,1.0
1867,170.0,362.0,1.0
1868,33.0,247.0,1.0
1869,275.0,165.0,1.0
1870,215.0,124.0,1.0
1871,639.0,75.0,1.0
1872,389.0,18.0,1.0
1873,184.0,323.0,1.0
1874,347.0,375.0,1.0
1875,190.0,392.0,1.0
1876,213.0,252.0,1.0
1877,87.0,329.0,1.0
1878,101.0,73.0,1.0
1879,479.0,18.0,1.0
1880,123.0,16.0,1.0
1881,459.0,156.0,1.0
1882,330.0,361.0,1.0
1883,482.0,124.0,1.0
1884,488.0,235.0,1.0
1885,204.0,221.0,1.0
1886,420.0,174.0,1.0
1887,365.0,37.0,1.0
1888,549.0,280.0,1.0
1889,306.0,208.0,1.0
1890,405.0,99.0,1.0
1891,346.0,359.0,1.0
1892,570.0,21.0,1.0
1893,253.0,347.0,1.0
1894,268.0,208.0,1.0
1895,148.0,390.0,1.0
1896,110.0,43.0,1.0
1897,502.0,61.0,1.0
1898,486.0,135.0,1.0
1899,120.0,99.0,1.0
1900,145.0,364.0,1.0
1901,414.0,41.0,1.0
1902,117.0,359.0,1.0
1903,387.0,100.0,1.0
1904,461.0,313.0,1.0
1905,537.0,347.0,1.0
1906,588.0,364.0,1.0
1907,652.0,362.0,1.0
1908,567.0,196.0,1.0
1909,426.0,351.0,1.0
1910,364.0,196.0,1.0
1911,186.0,392.0,1.0
1912,285.0,183.0,1.0
1913,461.0,117.0,1.0
1914,208.0,73.0,1.0
1915,253.0,358.0,1.0
1916,426.0,12.0,1.0
1917,2.0,244.0,1.0
1918,182.0,359.0,1.0
1919,470.0,265.0,1.0
1920,192.0,183.0,1.0
1921,284.0,143.0,1.0
1922,376.0,41.0,1.0
1923,305.0,405.0,1.0
1924,332.0,362.0,1.0
1925,200.0,68.0,1.0
1926,587.0,359.0,1.0
1927,241.0,25.0,1.0
1928,41.0,145.0,1.0
1929,141.0,124.0,1.0
1930,275.0,222.0,1.0
1931,325.0,244.0,1.0
1932,10.0,89.0,1.0
1933,297.0,354.0,1.0
1934,249.0,194.0,1.0
1935,382.0,252.0,1.0
1936,424.0,163.0,1.0
1937,615.0,124.0,1.0
1938,301.0,36.0,1.0
1939,570.0,405.0,1.0
1940,375.0,347.0,1.0
1941,634.0,347.0,1.0
1942,61.0,19.0,1.0
1943,268.0,127.0,1.0
1944,149.0,328.0,1.0
1945,518.0,24.0,1.0
1946,161.0,1.0,1.0
1947,213.0,54.0,1.0
1948,233.0,183.0,1.0
1949,19.0,366.0,1.0
1950,87.0,24.0,1.0
1951,186.0,128.0,1.0
1952,430.0,356.0,1.0
1953,385.0,164.0,1.0
1954,367.0,376.0,1.0
1955,569.0,228.0,1.0
1956,254.0,390.0,1.0
1957,500.0,392.0,1.0
1958,164.0,182.0,1.0
1959,351.0,397.0,1.0
1960,617.0,135.0,1.0
1961,306.0,101.0,1.0
1962,93.0,59.0,1.0
1963,462.0,189.0,1.0
1964,34.0,37.0,1.0
1965,66.0,8.0,1.0
1966,505.0,239.0,1.0
1967,391.0,297.0,1.0
1968,548.0,190.0,1.0
1969,661.0,358.0,1.0
1970,213.0,280.0,1.0
1971,245.0,118.0,1.0
1972,326.0,210.0,1.0
1973,84.0,358.0,1.0
1974,51.0,183.0,1.0
1975,425.0,149.0,1.0
1976,383.0,322.0,1.0
1977,83.0,3.0,1.0
1978,386.0,205.0,1.0
1979,49.0,7.0,1.0
1980,461.0,388.0,1.0
1981,559.0,390.0,1.0
1982,146.0,334.0,1.0
1983,337.0,87.0,1.0
1984,407.0,177.0,1.0
1985,521.0,347.0,1.0
1986,522.0,190.0,1.0
1987,176.0,151.0,1.0
1988,255.0,311.0,1.0
1989,556.0,277.0,1.0
1990,163.0,216.0,1.0
1991,82.0,99.0,1.0
1992,558.0,197.0,1.0
1993,587.0,109.0,1.0
1994,514.0,269.0,1.0
1995,588.0,134.0,1.0
1996,175.0,55.0,1.0
1997,246.0,212.0,1.0
1998,341.0,208.0,1.0
1999,19.0,391.0,1.0
2000,97.0,404.0,1.0
2001,520.0,267.0,1.0
2002,358.0,163.0,1.0
2003,241.0,151.0,1.0
2004,500.0,249.0,1.0
2005,275.0,16.0,1.0
2006,315.0,390.0,1.0
2007,83.0,24.0,1.0
2008,540.0,358.0,1.0
2009,455.0,10.0,1.0
2010,652.0,359.0,1.0
2011,540.0,362.0,1.0
2012,326.0,67.0,1.0
2013,624.0,330.0,1.0
2014,227.0,280.0,1.0
2015,50.0,380.0,1.0
2016,45.0,351.0,1.0
2017,407.0,405.0,1.0
2018,31.0,160.0,1.0
2019,154.0,78.0,1.0
2020,386.0,286.0,1.0
2021,268.0,371.0,1.0
2022,259.0,222.0,1.0
2023,629.0,76.0,1.0
2024,573.0,68.0,1.0
2025,552.0,199.0,1.0
2026,99.0,228.0,1.0
2027,275.0,298.0,1.0
2028,471.0,73.0,1.0
2029,331.0,212.0,1.0
2030,344.0,138.0,1.0
2031,531.0,144.0,1.0
2032,351.0,387.0,1.0
2033,225.0,183.0,1.0
2034,559.0,312.0,1.0
2035,85.0,43.0,1.0
2036,292.0,124.0,1.0
2037,529.0,40.0,1.0
2038,210.0,67.0,1.0
2039,306.0,239.0,1.0
2040,340.0,362.0,1.0
2041,309.0,325.0,1.0
2042,302.0,99.0,1.0
2043,358.0,313.0,1.0
2044,341.0,280.0,1.0
2045,158.0,157.0,1.0
2046,76.0,405.0,1.0
2047,490.0,369.0,1.0
2048,380.0,204.0,1.0
2049,29.0,325.0,1.0
2050,118.0,347.0,1.0
2051,484.0,271.0,1.0
2052,31.0,133.0,1.0
2053,490.0,10.0,1.0
2054,470.0,331.0,1.0
2055,546.0,81.0,1.0
2056,182.0,358.0,1.0
2057,227.0,19.0,1.0
2058,358.0,34.0,1.0
2059,383.0,358.0,1.0
2060,294.0,69.0,1.0
2061,625.0,358.0,1.0
2062,493.0,181.0,1.0
2063,413.0,387.0,1.0
2064,630.0,297.0,1.0
2065,495.0,81.0,1.0
2066,449.0,197.0,1.0
2067,309.0,174.0,1.0
2068,408.0,7.0,1.0
2069,497.0,28.0,1.0
2070,86.0,99.0,1.0
2071,1.0,319.0,1.0
2072,318.0,351.0,1.0
2073,393.0,68.0,1.0
2074,177.0,24.0,1.0
2075,503.0,358.0,1.0
2076,248.0,99.0,1.0
2077,459.0,44.0,1.0
2078,634.0,371.0,1.0
2079,66.0,28.0,1.0
2080,413.0,184.0,1.0
2081,308.0,289.0,1.0
2082,237.0,376.0,1.0
2083,287.0,45.0,1.0
2084,387.0,355.0,1.0
2085,136.0,117.0,1.0
2086,551.0,390.0,1.0
2087,640.0,124.0,1.0
2088,588.0,1.0,1.0
2089,413.0,385.0,1.0
2090,428.0,322.0,1.0
2091,291.0,7.0,1.0
2092,273.0,341.0,1.0
2093,108.0,396.0,1.0
2094,558.0,231.0,1.0
2095,166.0,312.0,1.0
2096,330.0,76.0,1.0
2097,439.0,280.0,1.0
2098,315.0,364.0,1.0
2099,564.0,69.0,1.0
2100,293.0,347.0,1.0
2101,393.0,334.0,1.0
2102,227.0,237.0,1.0
2103,335.0,347.0,1.0
2104,403.0,245.0,1.0
2105,453.0,280.0,1.0
2106,48.0,182.0,1.0
2107,239.0,362.0,1.0
2108,164.0,316.0,1.0
2109,102.0,396.0,1.0
2110,72.0,370.0,1.0
2111,1.0,58.0,1.0
2112,183.0,174.0,1.0
2113,336.0,199.0,1.0
2114,83.0,130.0,1.0
2115,571.0,224.0,1.0
2116,162.0,43.0,1.0
2117,176.0,272.0,1.0
2118,56.0,127.0,1.0
2119,148.0,312.0,1.0
2120,155.0,146.0,1.0
2121,343.0,362.0,1.0
2122,487.0,80.0,1.0
2123,574.0,8.0,1.0
2124,514.0,405.0,1.0
2125,167.0,358.0,1.0
2126,559.0,344.0,1.0
2127,362.0,316.0,1.0
2128,72.0,344.0,1.0
2129,314.0,128.0,1.0
2130,224.0,307.0,1.0
2131,188.0,99.0,1.0
2132,439.0,97.0,1.0
2133,654.0,358.0,1.0
2134,226.0,133.0,1.0
2135,374.0,6.0,1.0
2136,252.0,12.0,1.0
2137,516.0,82.0,1.0
2138,472.0,400.0,1.0
2139,210.0,149.0,1.0
2140,410.0,199.0,1.0
2141,116.0,18.0,1.0
2142,221.0,245.0,1.0
2143,446.0,359.0,1.0
2144,86.0,76.0,1.0
2145,269.0,124.0,1.0
2146,616.0,183.0,1.0
2147,78.0,188.0,1.0
2148,475.0,41.0,1.0
2149,316.0,125.0,1.0
2150,328.0,358.0,1.0
2151,103.0,89.0,1.0
2152,523.0,28.0,1.0
2153,241.0,106.0,1.0
2154,46.0,118.0,1.0
2155,297.0,408.0,1.0
2156,56.0,99.0,1.0
2157,237.0,392.0,1.0
2158,408.0,89.0,1.0
2159,90.0,239.0,1.0
2160,650.0,362.0,1.0
2161,461.0,397.0,1.0
2162,333.0,376.0,1.0
2163,169.0,210.0,1.0
2164,275.0,362.0,1.0
2165,608.0,73.0,1.0
2166,170.0,307.0,1.0
2167,123.0,168.0,1.0
2168,356.0,376.0,1.0
2169,207.0,144.0,1.0
2170,268.0,156.0,1.0
2171,388.0,128.0,1.0
2172,500.0,248.0,1.0
2173,117.0,371.0,1.0
2174,555.0,331.0,1.0
2175,140.0,211.0,1.0
2176,455.0,312.0,1.0
2177,433.0,347.0,1.0
2178,202.0,116.0,1.0
2179,143.0,182.0,1.0
2180,287.0,228.0,1.0
2181,307.0,182.0,1.0
2182,455.0,370.0,1.0
2183,546.0,99.0,1.0
2184,457.0,181.0,1.0
2185,183.0,99.0,1.0
2186,632.0,85.0,1.0
2187,486.0,344.0,1.0
2188,52.0,322.0,1.0
2189,490.0,391.0,1.0
2190,485.0,28.0,1.0
2191,611.0,199.0,1.0
2192,353.0,306.0,1.0
2193,509.0,353.0,1.0
2194,358.0,385.0,1.0
2195,398.0,221.0,1.0
2196,587.0,245.0,1.0
2197,49.0,49.0,1.0
2198,481.0,190.0,1.0
2199,638.0,170.0,1.0
2200,312.0,305.0,1.0
2201,169.0,209.0,1.0
2202,280.0,83.0,1.0
2203,193.0,125.0,1.0
2204,48.0,196.0,1.0
2205,289.0,306.0,1.0
2206,432.0,0.0,1.0
2207,48.0,129.0,1.0
2208,468.0,85.0,1.0
2209,316.0,49.0,1.0
2210,160.0,318.0,1.0
2211,555.0,239.0,1.0
2212,132.0,89.0,1.0
2213,357.0,401.0,1.0
2214,29.0,373.0,1.0
2215,161.0,390.0,1.0
2216,238.0,228.0,1.0
2217,581.0,157.0,1.0
2218,87.0,168.0,1.0
2219,176.0,19.0,1.0
2220,510.0,297.0,1.0
2221,621.0,99.0,1.0
2222,88.0,68.0,1.0
2223,67.0,362.0,1.0
2224,179.0,124.0,1.0
2225,388.0,376.0,1.0
2226,487.0,84.0,1.0
2227,161.0,364.0,1.0
2228,343.0,359.0,1.0
2229,7.0,179.0,1.0
2230,84.0,347.0,1.0
2231,525.0,405.0,1.0
2232,21.0,210.0,1.0
2233,555.0,345.0,1.0
2234,467.0,166.0,1.0
2235,216.0,101.0,1.0
2236,263.0,128.0,1.0
2237,275.0,239.0,1.0
2238,366.0,99.0,1.0
2239,498.0,292.0,1.0
2240,314.0,376.0,1.0
2241,75.0,99.0,1.0
2242,580.0,125.0,1.0
2243,275.0,371.0,1.0
2244,53.0,43.0,1.0
2245,606.0,85.0,1.0
2246,540.0,347.0,1.0
2247,104.0,99.0,1.0
2248,643.0,135.0,1.0
2249,83.0,2.0,1.0
2250,482.0,318.0,1.0
2251,569.0,199.0,1.0
2252,75.0,365.0,1.0
2253,263.0,376.0,1.0
2254,501.0,120.0,1.0
2255,518.0,280.0,1.0
2256,18.0,30.0,1.0
2257,136.0,334.0,1.0
2258,199.0,350.0,1.0
2259,105.0,364.0,1.0
2260,164.0,351.0,1.0
2261,479.0,401.0,1.0
2262,500.0,128.0,1.0
2263,357.0,94.0,1.0
2264,19.0,174.0,1.0
2265,35.0,297.0,1.0
2266,19.0,357.0,1.0
2267,252.0,99.0,1.0
2268,364.0,405.0,1.0
2269,112.0,99.0,1.0
2270,99.0,9.0,1.0
2271,40.0,117.0,1.0
2272,610.0,181.0,1.0
2273,105.0,312.0,1.0
2274,9.0,268.0,1.0
2275,138.0,312.0,1.0
2276,459.0,107.0,1.0
2277,267.0,68.0,0.0
2278,34.0,140.0,0.0
2279,80.0,17.0,0.0
2280,250.0,311.0,0.0
2281,467.0,59.0,0.0
2282,151.0,315.0,0.0
2283,21.0,324.0,0.0
2284,471.0,403.0,0.0
2285,44.0,347.0,0.0
2286,546.0,0.0,0.0
2287,39.0,274.0,0.0
2288,27.0,294.0,0.0
2289,650.0,341.0,0.0
2290,599.0,275.0,0.0
2291,399.0,233.0,0.0
2292,291.0,86.0,0.0
2293,87.0,358.0,0.0
2294,513.0,76.0,0.0
2295,257.0,385.0,0.0
2296,604.0,229.0,0.0
2297,50.0,161.0,0.0
2298,45.0,22.0,0.0
2299,141.0,219.0,0.0
2300,29.0,214.0,0.0
2301,13.0,262.0,0.0
2302,150.0,107.0,0.0
2303,173.0,364.0,0.0
2304,99.0,262.0,0.0
2305,464.0,90.0,0.0
2306,146.0,66.0,0.0
2307,556.0,210.0,0.0
2308,642.0,209.0,0.0
2309,336.0,206.0,0.0
2310,171.0,287.0,0.0
2311,657.0,294.0,0.0
2312,424.0,220.0,0.0
2313,348.0,380.0,0.0
2314,273.0,358.0,0.0
2315,8.0,159.0,0.0
2316,128.0,271.0,0.0
2317,21.0,174.0,0.0
2318,136.0,77.0,0.0
2319,591.0,187.0,0.0
2320,109.0,274.0,0.0
2321,292.0,73.0,0.0
2322,228.0,238.0,0.0
2323,573.0,18.0,0.0
2324,12.0,258.0,0.0
2325,562.0,375.0,0.0
2326,123.0,367.0,0.0
2327,188.0,181.0,0.0
2328,504.0,8.0,0.0
2329,543.0,134.0,0.0
2330,407.0,384.0,0.0
2331,111.0,91.0,0.0
2332,489.0,98.0,0.0
2333,622.0,120.0,0.0
2334,253.0,270.0,0.0
2335,178.0,149.0,0.0
2336,71.0,263.0,0.0
2337,71.0,167.0,0.0
2338,655.0,107.0,0.0
2339,176.0,146.0,0.0
2340,540.0,3.0,0.0
2341,393.0,309.0,0.0
2342,91.0,372.0,0.0
2343,167.0,275.0,0.0
2344,103.0,152.0,0.0
2345,74.0,110.0,0.0
2346,400.0,390.0,0.0
2347,429.0,321.0,0.0
2348,589.0,287.0,0.0
2349,587.0,262.0,0.0
2350,424.0,305.0,0.0
2351,381.0,129.0,0.0
2352,553.0,297.0,0.0
2353,582.0,39.0,0.0
2354,346.0,80.0,0.0
2355,428.0,62.0,0.0
2356,123.0,404.0,0.0
2357,272.0,387.0,0.0
2358,574.0,109.0,0.0
2359,465.0,301.0,0.0
2360,107.0,17.0,0.0
2361,536.0,279.0,0.0
2362,425.0,115.0,0.0
2363,468.0,175.0,0.0
2364,135.0,91.0,0.0
2365,436.0,366.0,0.0
2366,258.0,8.0,0.0
2367,207.0,245.0,0.0
2368,131.0,356.0,0.0
2369,623.0,373.0,0.0
2370,216.0,182.0,0.0
2371,625.0,82.0,0.0
2372,302.0,38.0,0.0
2373,565.0,136.0,0.0
2374,8.0,144.0,0.0
2375,489.0,260.0,0.0
2376,537.0,385.0,0.0
2377,403.0,401.0,0.0
2378,144.0,147.0,0.0
2379,580.0,2.0,0.0
2380,223.0,147.0,0.0
2381,365.0,117.0,0.0
2382,222.0,391.0,0.0
2383,441.0,34.0,0.0
2384,272.0,113.0,0.0
2385,94.0,320.0,0.0
2386,515.0,73.0,0.0
2387,67.0,332.0,0.0
2388,386.0,376.0,0.0
2389,1.0,139.0,0.0
2390,662.0,83.0,0.0
2391,391.0,396.0,0.0
2392,95.0,242.0,0.0
2393,103.0,126.0,0.0
2394,317.0,103.0,0.0
2395,189.0,272.0,0.0
2396,289.0,335.0,0.0
2397,635.0,7.0,0.0
2398,134.0,207.0,0.0
2399,466.0,120.0,0.0
2400,449.0,82.0,0.0
2401,324.0,35.0,0.0
2402,68.0,392.0,0.0
2403,88.0,130.0,0.0
2404,356.0,32.0,0.0
2405,486.0,222.0,0.0
2406,218.0,219.0,0.0
2407,140.0,228.0,0.0
2408,390.0,328.0,0.0
2409,397.0,342.0,0.0
2410,437.0,108.0,0.0
2411,461.0,198.0,0.0
2412,108.0,308.0,0.0
2413,431.0,197.0,0.0
2414,242.0,310.0,0.0
2415,638.0,29.0,0.0
2416,329.0,47.0,0.0
2417,558.0,31.0,0.0
2418,247.0,269.0,0.0
2419,173.0,292.0,0.0
2420,365.0,14.0,0.0
2421,617.0,175.0,0.0
2422,378.0,160.0,0.0
2423,30.0,181.0,0.0
2424,153.0,149.0,0.0
2425,489.0,184.0,0.0
2426,329.0,388.0,0.0
2427,592.0,148.0,0.0
2428,61.0,246.0,0.0
2429,70.0,200.0,0.0
2430,483.0,239.0,0.0
2431,290.0,9.0,0.0
2432,225.0,219.0,0.0
2433,509.0,389.0,0.0
2434,113.0,308.0,0.0
2435,358.0,12.0,0.0
2436,660.0,137.0,0.0
2437,150.0,82.0,0.0
2438,40.0,93.0,0.0
2439,12.0,145.0,0.0
2440,46.0,44.0,0.0
2441,216.0,13.0,0.0
2442,351.0,354.0,0.0
2443,13.0,309.0,0.0
2444,608.0,160.0,0.0
2445,303.0,51.0,0.0
2446,374.0,396.0,0.0
2447,453.0,333.0,0.0
2448,26.0,281.0,0.0
2449,193.0,272.0,0.0
2450,218.0,0.0,0.0
2451,552.0,245.0,0.0
2452,600.0,349.0,0.0
2453,59.0,97.0,0.0
2454,72.0,326.0,0.0
2455,273.0,175.0,0.0
2456,191.0,113.0,0.0
2457,508.0,40.0,0.0
2458,576.0,42.0,0.0
2459,219.0,59.0,0.0
2460,358.0,171.0,0.0
2461,80.0,254.0,0.0
2462,285.0,94.0,0.0
2463,638.0,15.0,0.0
2464,346.0,123.0,0.0
2465,137.0,62.0,0.0
2466,23.0,268.0,0.0
2467,445.0,218.0,0.0
2468,68.0,269.0,0.0
2469,404.0,139.0,0.0
2470,78.0,170.0,0.0
2471,518.0,240.0,0.0
2472,138.0,50.0,0.0
2473,101.0,176.0,0.0
2474,554.0,247.0,0.0
2475,61.0,120.0,0.0
2476,653.0,302.0,0.0
2477,491.0,317.0,0.0
2478,302.0,363.0,0.0
2479,493.0,78.0,0.0
2480,68.0,258.0,0.0
2481,489.0,384.0,0.0
2482,372.0,122.0,0.0
2483,39.0,216.0,0.0
2484,197.0,65.0,0.0
2485,550.0,393.0,0.0
2486,515.0,37.0,0.0
2487,467.0,85.0,0.0
2488,519.0,390.0,0.0
2489,634.0,292.0,0.0
2490,192.0,11.0,0.0
2491,11.0,393.0,0.0
2492,396.0,292.0,0.0
2493,511.0,205.0,0.0
2494,36.0,310.0,0.0
2495,504.0,405.0,0.0
2496,88.0,225.0,0.0
2497,242.0,308.0,0.0
2498,260.0,349.0,0.0
2499,452.0,322.0,0.0
2500,608.0,185.0,0.0
2501,53.0,47.0,0.0
2502,509.0,162.0,0.0
2503,588.0,368.0,0.0
2504,157.0,17.0,0.0
2505,518.0,1.0,0.0
2506,189.0,20.0,0.0
2507,363.0,66.0,0.0
2508,515.0,131.0,0.0
2509,237.0,2.0,0.0
2510,256.0,149.0,0.0
2511,277.0,284.0,0.0
2512,590.0,378.0,0.0
2513,150.0,116.0,0.0
2514,578.0,307.0,0.0
2515,27.0,257.0,0.0
2516,79.0,170.0,0.0
2517,340.0,50.0,0.0
2518,35.0,405.0,0.0
2519,613.0,315.0,0.0
2520,455.0,405.0,0.0
2521,553.0,317.0,0.0
2522,277.0,157.0,0.0
2523,140.0,251.0,0.0
2524,645.0,233.0,0.0
2525,620.0,253.0,0.0
2526,30.0,73.0,0.0
2527,605.0,216.0,0.0
2528,620.0,166.0,0.0
2529,347.0,329.0,0.0
2530,646.0,74.0,0.0
2531,308.0,40.0,0.0
2532,646.0,36.0,0.0
2533,642.0,234.0,0.0
2534,325.0,138.0,0.0
2535,657.0,232.0,0.0
2536,278.0,375.0,0.0
2537,177.0,169.0,0.0
2538,481.0,298.0,0.0
2539,615.0,125.0,0.0
2540,490.0,79.0,0.0
2541,221.0,269.0,0.0
2542,148.0,56.0,0.0
2543,178.0,0.0,0.0
2544,468.0,230.0,0.0
2545,35.0,115.0,0.0
2546,201.0,272.0,0.0
2547,644.0,45.0,0.0
2548,62.0,397.0,0.0
2549,280.0,399.0,0.0
2550,392.0,299.0,0.0
2551,66.0,86.0,0.0
2552,405.0,46.0,0.0
2553,84.0,167.0,0.0
2554,275.0,0.0,0.0
2555,284.0,393.0,0.0
2556,539.0,154.0,0.0
2557,614.0,128.0,0.0
2558,273.0,268.0,0.0
2559,263.0,23.0,0.0
2560,281.0,121.0,0.0
2561,66.0,20.0,0.0
2562,305.0,303.0,0.0
2563,45.0,403.0,0.0
2564,164.0,331.0,0.0
2565,598.0,225.0,0.0
2566,202.0,138.0,0.0
2567,449.0,24.0,0.0
2568,59.0,369.0,0.0
2569,618.0,204.0,0.0
2570,168.0,216.0,0.0
2571,4.0,164.0,0.0
2572,453.0,358.0,0.0
2573,423.0,17.0,0.0
2574,450.0,273.0,0.0
2575,117.0,401.0,0.0
2576,422.0,122.0,0.0
2577,609.0,348.0,0.0
2578,83.0,270.0,0.0
2579,116.0,151.0,0.0
2580,13.0,248.0,0.0
2581,227.0,231.0,0.0
2582,269.0,82.0,0.0
2583,393.0,51.0,0.0
2584,399.0,122.0,0.0
2585,291.0,33.0,0.0
2586,503.0,117.0,0.0
2587,248.0,385.0,0.0
2588,246.0,337.0,0.0
2589,117.0,352.0,0.0
2590,78.0,368.0,0.0
2591,445.0,263.0,0.0
2592,285.0,90.0,0.0
2593,247.0,74.0,0.0
2594,236.0,129.0,0.0
2595,510.0,138.0,0.0
2596,280.0,15.0,0.0
2597,430.0,164.0,0.0
2598,528.0,83.0,0.0
2599,415.0,111.0,0.0
2600,22.0,234.0,0.0
2601,560.0,398.0,0.0
2602,194.0,150.0,0.0
2603,565.0,257.0,0.0
2604,333.0,16.0,0.0
2605,63.0,327.0,0.0
2606,540.0,219.0,0.0
2607,102.0,52.0,0.0
2608,85.0,171.0,0.0
2609,81.0,27.0,0.0
2610,331.0,11.0,0.0
2611,222.0,94.0,0.0
2612,277.0,146.0,0.0
2613,151.0,256.0,0.0
2614,27.0,299.0,0.0
2615,29.0,367.0,0.0
2616,482.0,160.0,0.0
2617,325.0,240.0,0.0
2618,104.0,231.0,0.0
2619,230.0,403.0,0.0
2620,56.0,48.0,0.0
2621,79.0,379.0,0.0
2622,518.0,269.0,0.0
2623,590.0,277.0,0.0
2624,603.0,134.0,0.0
2625,491.0,98.0,0.0
2626,612.0,400.0,0.0
2627,320.0,47.0,0.0
2628,32.0,219.0,0.0
2629,188.0,148.0,0.0
2630,54.0,215.0,0.0
2631,197.0,146.0,0.0
2632,347.0,30.0,0.0
2633,660.0,235.0,0.0
2634,364.0,79.0,0.0
2635,116.0,143.0,0.0
2636,428.0,215.0,0.0
2637,489.0,254.0,0.0
2638,136.0,191.0,0.0
2639,456.0,15.0,0.0
2640,540.0,391.0,0.0
2641,62.0,83.0,0.0
2642,562.0,237.0,0.0
2643,399.0,74.0,0.0
2644,344.0,390.0,0.0
2645,605.0,62.0,0.0
2646,412.0,217.0,0.0
2647,335.0,187.0,0.0
2648,302.0,248.0,0.0
2649,168.0,364.0,0.0
2650,120.0,345.0,0.0
2651,409.0,209.0,0.0
2652,358.0,179.0,0.0
2653,325.0,286.0,0.0
2654,319.0,214.0,0.0
2655,659.0,68.0,0.0
2656,258.0,78.0,0.0
2657,121.0,347.0,0.0
2658,324.0,253.0,0.0
2659,269.0,252.0,0.0
2660,303.0,22.0,0.0
2661,456.0,361.0,0.0
2662,357.0,265.0,0.0
2663,641.0,137.0,0.0
2664,506.0,263.0,0.0
2665,29.0,140.0,0.0
2666,12.0,313.0,0.0
2667,643.0,260.0,0.0
2668,489.0,77.0,0.0
2669,390.0,176.0,0.0
2670,546.0,235.0,0.0
2671,203.0,250.0,0.0
2672,485.0,115.0,0.0
2673,214.0,59.0,0.0
2674,148.0,145.0,0.0
2675,545.0,108.0,0.0
2676,477.0,170.0,0.0
2677,535.0,292.0,0.0
2678,621.0,59.0,0.0
2679,146.0,20.0,0.0
2680,376.0,267.0,0.0
2681,604.0,245.0,0.0
2682,382.0,299.0,0.0
2683,576.0,190.0,0.0
2684,172.0,334.0,0.0
2685,6.0,96.0,0.0
2686,181.0,296.0,0.0
2687,606.0,298.0,0.0
2688,77.0,166.0,0.0
2689,255.0,408.0,0.0
2690,557.0,400.0,0.0
2691,387.0,78.0,0.0
2692,433.0,73.0,0.0
2693,216.0,397.0,0.0
2694,169.0,187.0,0.0
2695,82.0,297.0,0.0
2696,376.0,322.0,0.0
2697,43.0,18.0,0.0
2698,235.0,270.0,0.0
2699,348.0,131.0,0.0
2700,226.0,11.0,0.0
2701,295.0,83.0,0.0
2702,473.0,268.0,0.0
2703,465.0,106.0,0.0
2704,96.0,266.0,0.0
2705,621.0,240.0,0.0
2706,154.0,323.0,0.0
2707,637.0,326.0,0.0
2708,114.0,220.0,0.0
2709,418.0,254.0,0.0
2710,291.0,4.0,0.0
2711,292.0,323.0,0.0
2712,560.0,53.0,0.0
2713,105.0,148.0,0.0
2714,79.0,315.0,0.0
2715,39.0,246.0,0.0
2716,394.0,401.0,0.0
2717,64.0,12.0,0.0
2718,196.0,285.0,0.0
2719,625.0,167.0,0.0
2720,83.0,114.0,0.0
2721,634.0,299.0,0.0
2722,169.0,323.0,0.0
2723,8.0,143.0,0.0
2724,593.0,11.0,0.0
2725,283.0,112.0,0.0
2726,477.0,188.0,0.0
2727,48.0,323.0,0.0
2728,409.0,15.0,0.0
2729,413.0,188.0,0.0
2730,405.0,379.0,0.0
2731,556.0,9.0,0.0
2732,541.0,113.0,0.0
2733,356.0,253.0,0.0
2734,252.0,17.0,0.0
2735,487.0,139.0,0.0
2736,198.0,106.0,0.0
2737,420.0,214.0,0.0
2738,415.0,195.0,0.0
2739,583.0,53.0,0.0
2740,325.0,327.0,0.0
2741,423.0,135.0,0.0
2742,284.0,39.0,0.0
2743,179.0,33.0,0.0
2744,123.0,8.0,0.0
2745,294.0,234.0,0.0
2746,629.0,27.0,0.0
2747,47.0,247.0,0.0
2748,139.0,269.0,0.0
2749,329.0,402.0,0.0
2750,118.0,313.0,0.0
2751,626.0,165.0,0.0
2752,561.0,365.0,0.0
2753,75.0,273.0,0.0
2754,440.0,377.0,0.0
2755,114.0,269.0,0.0
2756,279.0,392.0,0.0
2757,135.0,153.0,0.0
2758,519.0,52.0,0.0
2759,129.0,327.0,0.0
2760,382.0,366.0,0.0
2761,479.0,404.0,0.0
2762,550.0,128.0,0.0
2763,563.0,116.0,0.0
2764,510.0,73.0,0.0
2765,38.0,129.0,0.0
2766,502.0,348.0,0.0
2767,195.0,89.0,0.0
2768,567.0,195.0,0.0
2769,342.0,91.0,0.0
2770,512.0,369.0,0.0
2771,558.0,388.0,0.0
2772,49.0,79.0,0.0
2773,245.0,211.0,0.0
2774,43.0,133.0,0.0
2775,30.0,280.0,0.0
2776,458.0,67.0,0.0
2777,554.0,10.0,0.0
2778,388.0,361.0,0.0
2779,7.0,193.0,0.0
2780,278.0,256.0,0.0
2781,637.0,247.0,0.0
2782,65.0,156.0,0.0
2783,358.0,378.0,0.0
2784,315.0,63.0,0.0
2785,355.0,402.0,0.0
2786,136.0,381.0,0.0
2787,595.0,186.0,0.0
2788,17.0,55.0,0.0
2789,386.0,320.0,0.0
2790,646.0,127.0,0.0
2791,113.0,368.0,0.0
2792,341.0,350.0,0.0
2793,347.0,279.0,0.0
2794,495.0,110.0,0.0
2795,174.0,290.0,0.0
2796,457.0,361.0,0.0
2797,238.0,354.0,0.0
2798,0.0,175.0,0.0
2799,329.0,142.0,0.0
2800,59.0,251.0,0.0
2801,91.0,316.0,0.0
2802,164.0,27.0,0.0
2803,561.0,214.0,0.0
2804,540.0,338.0,0.0
2805,440.0,333.0,0.0
2806,423.0,330.0,0.0
2807,623.0,232.0,0.0
2808,643.0,360.0,0.0
2809,269.0,229.0,0.0
2810,144.0,388.0,0.0
2811,182.0,108.0,0.0
2812,595.0,59.0,0.0
2813,21.0,301.0,0.0
2814,570.0,364.0,0.0
2815,173.0,226.0,0.0
2816,71.0,248.0,0.0
2817,72.0,9.0,0.0
2818,322.0,329.0,0.0
2819,322.0,254.0,0.0
2820,412.0,16.0,0.0
2821,239.0,390.0,0.0
2822,314.0,110.0,0.0
2823,474.0,22.0,0.0
2824,95.0,368.0,0.0
2825,81.0,377.0,0.0
2826,622.0,59.0,0.0
2827,619.0,85.0,0.0
2828,223.0,53.0,0.0
2829,54.0,153.0,0.0
2830,90.0,2.0,0.0
2831,660.0,374.0,0.0
2832,462.0,289.0,0.0
2833,553.0,58.0,0.0
2834,421.0,383.0,0.0
2835,380.0,57.0,0.0
2836,125.0,113.0,0.0
2837,577.0,244.0,0.0
2838,564.0,236.0,0.0
2839,187.0,52.0,0.0
2840,69.0,151.0,0.0
2841,293.0,273.0,0.0
2842,590.0,273.0,0.0
2843,512.0,68.0,0.0
2844,41.0,210.0,0.0
2845,127.0,86.0,0.0
2846,345.0,169.0,0.0
2847,578.0,121.0,0.0
2848,648.0,377.0,0.0
2849,114.0,363.0,0.0
2850,45.0,297.0,0.0
2851,578.0,84.0,0.0
2852,578.0,256.0,0.0
2853,207.0,188.0,0.0
2854,523.0,324.0,0.0
2855,54.0,14.0,0.0
2856,123.0,252.0,0.0
2857,28.0,140.0,0.0
2858,138.0,18.0,0.0
2859,491.0,156.0,0.0
2860,622.0,276.0,0.0
2861,422.0,269.0,0.0
2862,498.0,325.0,0.0
2863,167.0,360.0,0.0
2864,116.0,149.0,0.0
2865,299.0,34.0,0.0
2866,499.0,115.0,0.0
2867,511.0,164.0,0.0
2868,63.0,204.0,0.0
2869,144.0,260.0,0.0
2870,128.0,30.0,0.0
2871,172.0,203.0,0.0
2872,590.0,189.0,0.0
2873,594.0,92.0,0.0
2874,66.0,267.0,0.0
2875,49.0,78.0,0.0
2876,300.0,245.0,0.0
2877,171.0,190.0,0.0
2878,362.0,287.0,0.0
2879,312.0,367.0,0.0
2880,383.0,106.0,0.0
2881,119.0,383.0,0.0
2882,392.0,211.0,0.0
2883,592.0,200.0,0.0
2884,273.0,390.0,0.0
2885,468.0,62.0,0.0
2886,650.0,133.0,0.0
2887,74.0,386.0,0.0
2888,642.0,161.0,0.0
2889,448.0,367.0,0.0
2890,77.0,138.0,0.0
2891,542.0,223.0,0.0
2892,156.0,58.0,0.0
2893,117.0,128.0,0.0
2894,0.0,253.0,0.0
2895,369.0,184.0,0.0
2896,162.0,137.0,0.0
2897,620.0,344.0,0.0
2898,416.0,66.0,0.0
2899,185.0,186.0,0.0
2900,526.0,46.0,0.0
2901,367.0,114.0,0.0
2902,458.0,156.0,0.0
2903,271.0,191.0,0.0
2904,655.0,306.0,0.0
2905,319.0,187.0,0.0
2906,544.0,109.0,0.0
2907,188.0,301.0,0.0
2908,152.0,141.0,0.0
2909,192.0,361.0,0.0
2910,131.0,291.0,0.0
2911,25.0,125.0,0.0
2912,388.0,284.0,0.0
2913,258.0,35.0,0.0
2914,294.0,111.0,0.0
2915,298.0,158.0,0.0
2916,415.0,60.0,0.0
2917,42.0,211.0,0.0
2918,146.0,204.0,0.0
2919,212.0,401.0,0.0
2920,476.0,158.0,0.0
2921,421.0,142.0,0.0
2922,456.0,138.0,0.0
2923,658.0,112.0,0.0
2924,67.0,231.0,0.0
2925,281.0,252.0,0.0
2926,499.0,314.0,0.0
2927,126.0,140.0,0.0
2928,115.0,279.0,0.0
2929,625.0,296.0,0.0
2930,27.0,2.0,0.0
2931,226.0,195.0,0.0
2932,306.0,9.0,0.0
2933,326.0,113.0,0.0
2934,406.0,308.0,0.0
2935,422.0,2.0,0.0
2936,389.0,77.0,0.0
2937,533.0,245.0,0.0
2938,360.0,213.0,0.0
2939,322.0,260.0,0.0
2940,549.0,231.0,0.0
2941,99.0,214.0,0.0
2942,497.0,45.0,0.0
2943,589.0,391.0,0.0
2944,626.0,146.0,0.0
2945,560.0,352.0,0.0
2946,316.0,255.0,0.0
2947,424.0,404.0,0.0
2948,145.0,10.0,0.0
2949,283.0,10.0,0.0
2950,600.0,1.0,0.0
2951,187.0,132.0,0.0
2952,653.0,170.0,0.0
2953,530.0,324.0,0.0
2954,191.0,264.0,0.0
2955,288.0,91.0,0.0
2956,661.0,305.0,0.0
2957,518.0,272.0,0.0
2958,222.0,318.0,0.0
2959,647.0,138.0,0.0
2960,623.0,133.0,0.0
2961,199.0,178.0,0.0
2962,640.0,295.0,0.0
2963,272.0,79.0,0.0
2964,10.0,249.0,0.0
2965,633.0,270.0,0.0
2966,185.0,240.0,0.0
2967,302.0,102.0,0.0
2968,192.0,59.0,0.0
2969,640.0,184.0,0.0
2970,300.0,18.0,0.0
2971,662.0,155.0,0.0
2972,386.0,113.0,0.0
2973,653.0,66.0,0.0
2974,199.0,310.0,0.0
2975,435.0,108.0,0.0
2976,596.0,391.0,0.0
2977,485.0,214.0,0.0
2978,501.0,83.0,0.0
2979,395.0,243.0,0.0
2980,633.0,188.0,0.0
2981,329.0,176.0,0.0
2982,242.0,407.0,0.0
2983,394.0,346.0,0.0
2984,266.0,71.0,0.0
2985,472.0,225.0,0.0
2986,53.0,347.0,0.0
2987,554.0,51.0,0.0
2988,42.0,176.0,0.0
2989,136.0,243.0,0.0
2990,658.0,182.0,0.0
2991,154.0,220.0,0.0
2992,123.0,197.0,0.0
2993,238.0,356.0,0.0
2994,113.0,81.0,0.0
2995,606.0,386.0,0.0
2996,491.0,360.0,0.0
2997,15.0,71.0,0.0
2998,117.0,17.0,0.0
2999,475.0,143.0,0.0
3000,80.0,382.0,0.0
3001,605.0,89.0,0.0
3002,617.0,299.0,0.0
3003,51.0,103.0,0.0
3004,208.0,167.0,0.0
3005,585.0,136.0,0.0
3006,493.0,102.0,0.0
3007,45.0,373.0,0.0
3008,604.0,331.0,0.0
3009,430.0,326.0,0.0
3010,212.0,343.0,0.0
3011,525.0,406.0,0.0
3012,19.0,186.0,0.0
3013,48.0,60.0,0.0
3014,101.0,381.0,0.0
3015,585.0,8.0,0.0
3016,388.0,260.0,0.0
3017,334.0,76.0,0.0
3018,423.0,394.0,0.0
3019,384.0,339.0,0.0
3020,245.0,250.0,0.0
3021,31.0,334.0,0.0
3022,102.0,260.0,0.0
3023,509.0,292.0,0.0
3024,590.0,58.0,0.0
3025,143.0,303.0,0.0
3026,527.0,79.0,0.0
3027,373.0,277.0,0.0
3028,61.0,99.0,0.0
3029,62.0,398.0,0.0
3030,372.0,33.0,0.0
3031,303.0,71.0,0.0
3032,344.0,182.0,0.0
3033,358.0,111.0,0.0
3034,162.0,407.0,0.0
3035,368.0,19.0,0.0
3036,579.0,208.0,0.0
3037,644.0,306.0,0.0
3038,660.0,134.0,0.0
3039,61.0,217.0,0.0
3040,149.0,231.0,0.0
3041,192.0,220.0,0.0
3042,297.0,171.0,0.0
3043,644.0,156.0,0.0
3044,491.0,268.0,0.0
3045,565.0,145.0,0.0
3046,283.0,267.0,0.0
3047,405.0,194.0,0.0
3048,515.0,214.0,0.0
3049,58.0,38.0,0.0
3050,191.0,369.0,0.0
3051,456.0,291.0,0.0
3052,491.0,249.0,0.0
3053,481.0,154.0,0.0
3054,390.0,242.0,0.0
3055,76.0,385.0,0.0
3056,561.0,327.0,0.0
3057,567.0,236.0,0.0
3058,205.0,69.0,0.0
3059,478.0,88.0,0.0
3060,253.0,4.0,0.0
3061,199.0,7.0,0.0
3062,254.0,294.0,0.0
3063,645.0,329.0,0.0
3064,338.0,318.0,0.0
3065,335.0,117.0,0.0
3066,544.0,407.0,0.0
3067,422.0,195.0,0.0
3068,164.0,284.0,0.0
3069,121.0,376.0,0.0
3070,103.0,210.0,0.0
3071,161.0,167.0,0.0
3072,653.0,122.0,0.0
3073,322.0,240.0,0.0
3074,553.0,396.0,0.0
3075,72.0,221.0,0.0
3076,40.0,405.0,0.0
3077,32.0,152.0,0.0
3078,652.0,390.0,0.0
3079,81.0,131.0,0.0
3080,19.0,171.0,0.0
3081,243.0,16.0,0.0
3082,514.0,72.0,0.0
3083,446.0,326.0,0.0
3084,18.0,402.0,0.0
3085,392.0,179.0,0.0
3086,613.0,190.0,0.0
3087,338.0,397.0,0.0
3088,106.0,276.0,0.0
3089,172.0,64.0,0.0
3090,277.0,246.0,0.0
3091,305.0,30.0,0.0
3092,391.0,333.0,0.0
3093,509.0,244.0,0.0
3094,32.0,206.0,0.0
3095,617.0,81.0,0.0
3096,262.0,229.0,0.0
3097,420.0,294.0,0.0
3098,182.0,250.0,0.0
3099,582.0,191.0,0.0
3100,637.0,405.0,0.0
3101,35.0,356.0,0.0
3102,312.0,329.0,0.0
3103,308.0,59.0,0.0
3104,91.0,379.0,0.0
3105,295.0,132.0,0.0
3106,541.0,50.0,0.0
3107,251.0,221.0,0.0
3108,94.0,270.0,0.0
3109,546.0,286.0,0.0
3110,129.0,115.0,0.0
3111,488.0,77.0,0.0
3112,439.0,103.0,0.0
3113,38.0,170.0,0.0
3114,25.0,21.0,0.0
3115,86.0,106.0,0.0
3116,456.0,31.0,0.0
3117,233.0,219.0,0.0
3118,98.0,209.0,0.0
3119,597.0,71.0,0.0
3120,429.0,9.0,0.0
3121,288.0,283.0,0.0
3122,481.0,264.0,0.0
3123,451.0,346.0,0.0
3124,399.0,333.0,0.0
3125,141.0,312.0,0.0
3126,407.0,71.0,0.0
3127,502.0,76.0,0.0
3128,255.0,136.0,0.0
3129,644.0,294.0,0.0
3130,548.0,146.0,0.0
3131,647.0,3.0,0.0
3132,108.0,116.0,0.0
3133,580.0,140.0,0.0
3134,373.0,220.0,0.0
3135,334.0,137.0,0.0
3136,586.0,57.0,0.0
3137,192.0,390.0,0.0
3138,589.0,214.0,0.0
3139,587.0,35.0,0.0
3140,344.0,316.0,0.0
3141,281.0,228.0,0.0
3142,636.0,275.0,0.0
3143,69.0,191.0,0.0
3144,34.0,113.0,0.0
3145,247.0,107.0,0.0
3146,180.0,76.0,0.0
3147,106.0,197.0,0.0
3148,108.0,265.0,0.0
3149,514.0,238.0,0.0
3150,176.0,400.0,0.0
3151,296.0,278.0,0.0
3152,62.0,281.0,0.0
3153,312.0,104.0,0.0
3154,587.0,185.0,0.0
3155,396.0,368.0,0.0
3156,151.0,107.0,0.0
3157,285.0,100.0,0.0
3158,65.0,154.0,0.0
3159,396.0,353.0,0.0
3160,151.0,319.0,0.0
3161,8.0,284.0,0.0
3162,434.0,52.0,0.0
3163,98.0,365.0,0.0
3164,586.0,28.0,0.0
3165,72.0,129.0,0.0
3166,535.0,361.0,0.0
3167,19.0,300.0,0.0
3168,530.0,87.0,0.0
3169,144.0,327.0,0.0
3170,338.0,398.0,0.0
3171,52.0,46.0,0.0
3172,317.0,102.0,0.0
3173,348.0,106.0,0.0
3174,47.0,189.0,0.0
3175,463.0,385.0,0.0
3176,542.0,169.0,0.0
3177,58.0,9.0,0.0
3178,38.0,384.0,0.0
3179,177.0,178.0,0.0
3180,458.0,200.0,0.0
3181,165.0,293.0,0.0
3182,613.0,382.0,0.0
3183,132.0,327.0,0.0
3184,597.0,265.0,0.0
3185,514.0,18.0,0.0
3186,293.0,148.0,0.0
3187,504.0,330.0,0.0
3188,606.0,337.0,0.0
3189,319.0,85.0,0.0
3190,572.0,376.0,0.0
3191,472.0,41.0,0.0
3192,544.0,143.0,0.0
3193,417.0,110.0,0.0
3194,565.0,320.0,0.0
3195,134.0,189.0,0.0
3196,106.0,107.0,0.0
3197,202.0,204.0,0.0
3198,492.0,186.0,0.0
3199,3.0,80.0,0.0
3200,243.0,343.0,0.0
3201,95.0,273.0,0.0
3202,442.0,395.0,0.0
3203,201.0,46.0,0.0
3204,605.0,195.0,0.0
3205,333.0,222.0,0.0
3206,479.0,49.0,0.0
3207,463.0,191.0,0.0
3208,311.0,187.0,0.0
3209,537.0,354.0,0.0
3210,452.0,53.0,0.0
3211,362.0,297.0,0.0
3212,550.0,252.0,0.0
3213,389.0,201.0,0.0
3214,586.0,385.0,0.0
3215,123.0,211.0,0.0
3216,259.0,22.0,0.0
3217,533.0,37.0,0.0
3218,346.0,356.0,0.0
3219,272.0,108.0,0.0
3220,443.0,79.0,0.0
3221,527.0,27.0,0.0
3222,415.0,282.0,0.0
3223,184.0,104.0,0.0
3224,156.0,10.0,0.0
3225,112.0,389.0,0.0
3226,378.0,202.0,0.0
3227,153.0,383.0,0.0
3228,193.0,33.0,0.0
3229,57.0,245.0,0.0
3230,561.0,12.0,0.0
3231,481.0,227.0,0.0
3232,65.0,71.0,0.0
3233,535.0,195.0,0.0
3234,455.0,226.0,0.0
3235,563.0,221.0,0.0
3236,347.0,362.0,0.0
3237,538.0,10.0,0.0
3238,30.0,42.0,0.0
3239,111.0,124.0,0.0
3240,625.0,18.0,0.0
3241,80.0,234.0,0.0
3242,455.0,184.0,0.0
3243,3.0,267.0,0.0
3244,328.0,168.0,0.0
3245,213.0,125.0,0.0
3246,140.0,299.0,0.0
3247,581.0,145.0,0.0
3248,619.0,90.0,0.0
3249,636.0,237.0,0.0
3250,404.0,144.0,0.0
3251,133.0,394.0,0.0
3252,538.0,16.0,0.0
3253,86.0,169.0,0.0
3254,405.0,33.0,0.0
3255,63.0,269.0,0.0
3256,480.0,391.0,0.0
3257,408.0,379.0,0.0
3258,140.0,351.0,0.0
3259,11.0,156.0,0.0
3260,536.0,336.0,0.0
3261,132.0,167.0,0.0
3262,575.0,28.0,0.0
3263,465.0,187.0,0.0
3264,633.0,365.0,0.0
3265,568.0,242.0,0.0
3266,272.0,244.0,0.0
3267,391.0,241.0,0.0
3268,270.0,349.0,0.0
3269,435.0,147.0,0.0
3270,85.0,144.0,0.0
3271,271.0,117.0,0.0
3272,31.0,155.0,0.0
3273,285.0,185.0,0.0
3274,381.0,375.0,0.0
3275,245.0,311.0,0.0
3276,310.0,49.0,0.0
3277,106.0,188.0,0.0
3278,292.0,23.0,0.0
3279,52.0,284.0,0.0
3280,603.0,402.0,0.0
3281,482.0,87.0,0.0
3282,188.0,265.0,0.0
3283,292.0,46.0,0.0
3284,143.0,235.0,0.0
3285,641.0,15.0,0.0
3286,500.0,209.0,0.0
3287,193.0,29.0,0.0
3288,582.0,318.0,0.0
3289,232.0,64.0,0.0
3290,102.0,53.0,0.0
3291,491.0,12.0,0.0
3292,596.0,226.0,0.0
3293,291.0,296.0,0.0
3294,425.0,77.0,0.0
3295,5.0,303.0,0.0
3296,244.0,54.0,0.0
3297,584.0,254.0,0.0
3298,651.0,163.0,0.0
3299,296.0,95.0,0.0
3300,193.0,144.0,0.0
3301,323.0,233.0,0.0
3302,625.0,95.0,0.0
3303,32.0,198.0,0.0
3304,439.0,96.0,0.0
3305,35.0,338.0,0.0
3306,582.0,266.0,0.0
3307,421.0,4.0,0.0
3308,228.0,327.0,0.0
3309,531.0,351.0,0.0
3310,602.0,209.0,0.0
3311,329.0,407.0,0.0
3312,531.0,338.0,0.0
3313,300.0,257.0,0.0
3314,338.0,266.0,0.0
3315,310.0,215.0,0.0
3316,136.0,315.0,0.0
3317,614.0,336.0,0.0
3318,452.0,169.0,0.0
3319,392.0,362.0,0.0
3320,83.0,385.0,0.0
3321,103.0,216.0,0.0
3322,135.0,44.0,0.0
3323,465.0,29.0,0.0
3324,151.0,333.0,0.0
3325,538.0,263.0,0.0
3326,41.0,126.0,0.0
3327,477.0,66.0,0.0
3328,300.0,280.0,0.0
3329,421.0,300.0,0.0
3330,300.0,62.0,0.0
3331,202.0,280.0,0.0
3332,459.0,193.0,0.0
3333,428.0,9.0,0.0
3334,465.0,269.0,0.0
3335,345.0,383.0,0.0
3336,390.0,320.0,0.0
3337,130.0,336.0,0.0
3338,521.0,251.0,0.0
3339,503.0,378.0,0.0
3340,447.0,114.0,0.0
3341,169.0,359.0,0.0
3342,566.0,45.0,0.0
3343,30.0,339.0,0.0
3344,356.0,308.0,0.0
3345,617.0,395.0,0.0
3346,604.0,88.0,0.0
3347,319.0,59.0,0.0
3348,626.0,125.0,0.0
3349,34.0,146.0,0.0
3350,166.0,201.0,0.0
3351,484.0,267.0,0.0
3352,339.0,357.0,0.0
3353,268.0,184.0,0.0
3354,57.0,29.0,0.0
3355,423.0,377.0,0.0
3356,592.0,370.0,0.0
3357,341.0,158.0,0.0
3358,19.0,379.0,0.0
3359,639.0,101.0,0.0
3360,514.0,319.0,0.0
3361,322.0,285.0,0.0
3362,143.0,170.0,0.0
3363,63.0,228.0,0.0
3364,256.0,305.0,0.0
3365,188.0,284.0,0.0
3366,74.0,69.0,0.0
3367,624.0,9.0,0.0
3368,141.0,176.0,0.0
3369,64.0,181.0,0.0
3370,478.0,60.0,0.0
3371,241.0,403.0,0.0
3372,379.0,82.0,0.0
3373,579.0,147.0,0.0
3374,276.0,287.0,0.0
3375,125.0,172.0,0.0
3376,661.0,197.0,0.0
3377,163.0,39.0,0.0
3378,185.0,95.0,0.0
3379,137.0,296.0,0.0
3380,576.0,164.0,0.0
3381,436.0,386.0,0.0
3382,406.0,321.0,0.0
3383,130.0,242.0,0.0
3384,70.0,371.0,0.0
3385,101.0,230.0,0.0
3386,47.0,334.0,0.0
3387,438.0,0.0,0.0
3388,393.0,324.0,0.0
3389,292.0,125.0,0.0
3390,375.0,287.0,0.0
3391,227.0,129.0,0.0
3392,203.0,74.0,0.0
3393,169.0,139.0,0.0
3394,523.0,52.0,0.0
3395,412.0,302.0,0.0
3396,57.0,48.0,0.0
3397,303.0,250.0,0.0
3398,405.0,376.0,0.0
3399,255.0,331.0,0.0
3400,140.0,89.0,0.0
3401,601.0,397.0,0.0
3402,269.0,2.0,0.0
3403,270.0,189.0,0.0
3404,358.0,24.0,0.0
3405,554.0,12.0,0.0
3406,13.0,321.0,0.0
3407,187.0,2.0,0.0
3408,431.0,326.0,0.0
3409,643.0,303.0,0.0
3410,337.0,92.0,0.0
3411,377.0,28.0,0.0
3412,647.0,299.0,0.0
3413,157.0,361.0,0.0
3414,82.0,337.0,0.0
3415,255.0,265.0,0.0
3416,515.0,249.0,0.0
3417,541.0,20.0,0.0
3418,581.0,286.0,0.0
3419,185.0,223.0,0.0
3420,341.0,236.0,0.0
3421,36.0,116.0,0.0
3422,376.0,193.0,0.0
3423,542.0,70.0,0.0
3424,123.0,303.0,0.0
3425,278.0,57.0,0.0
3426,624.0,247.0,0.0
3427,637.0,174.0,0.0
3428,128.0,294.0,0.0
3429,311.0,248.0,0.0
3430,214.0,92.0,0.0
3431,110.0,404.0,0.0
3432,65.0,307.0,0.0
3433,547.0,219.0,0.0
3434,326.0,124.0,0.0
3435,429.0,138.0,0.0
3436,96.0,369.0,0.0
3437,21.0,380.0,0.0
3438,366.0,165.0,0.0
3439,418.0,221.0,0.0
3440,604.0,253.0,0.0
3441,420.0,85.0,0.0
3442,492.0,170.0,0.0
3443,176.0,282.0,0.0
3444,284.0,54.0,0.0
3445,240.0,8.0,0.0
3446,324.0,238.0,0.0
3447,124.0,379.0,0.0
3448,207.0,192.0,0.0
3449,154.0,56.0,0.0
3450,573.0,269.0,0.0
3451,277.0,325.0,0.0
3452,382.0,50.0,0.0
3453,148.0,229.0,0.0
3454,356.0,259.0,0.0
3455,621.0,136.0,0.0
3456,322.0,19.0,0.0
3457,549.0,309.0,0.0
3458,622.0,316.0,0.0
3459,267.0,182.0,0.0
3460,229.0,97.0,0.0
3461,584.0,339.0,0.0
3462,219.0,147.0,0.0
3463,599.0,121.0,0.0
3464,413.0,314.0,0.0
3465,135.0,329.0,0.0
3466,607.0,123.0,0.0
3467,47.0,293.0,0.0
3468,2.0,203.0,0.0
3469,20.0,387.0,0.0
3470,486.0,131.0,0.0
3471,67.0,87.0,0.0
3472,24.0,322.0,0.0
3473,453.0,45.0,0.0
3474,621.0,57.0,0.0
3475,73.0,287.0,0.0
3476,146.0,256.0,0.0
3477,400.0,406.0,0.0
3478,512.0,142.0,0.0
3479,385.0,264.0,0.0
3480,519.0,307.0,0.0
3481,275.0,310.0,0.0
3482,142.0,355.0,0.0
3483,539.0,393.0,0.0
3484,319.0,21.0,0.0
3485,463.0,201.0,0.0
3486,3.0,202.0,0.0
3487,373.0,216.0,0.0
3488,237.0,185.0,0.0
3489,45.0,292.0,0.0
3490,54.0,48.0,0.0
3491,326.0,327.0,0.0
3492,474.0,33.0,0.0
3493,424.0,49.0,0.0
3494,232.0,160.0,0.0
3495,52.0,328.0,0.0
3496,435.0,168.0,0.0
3497,235.0,241.0,0.0
3498,187.0,167.0,0.0
3499,196.0,125.0,0.0
3500,159.0,253.0,0.0
3501,365.0,95.0,0.0
3502,573.0,288.0,0.0
3503,153.0,181.0,0.0
3504,618.0,95.0,0.0
3505,174.0,293.0,0.0
3506,117.0,108.0,0.0
3507,649.0,329.0,0.0
3508,510.0,182.0,0.0
3509,74.0,338.0,0.0
3510,615.0,334.0,0.0
3511,378.0,154.0,0.0
3512,603.0,251.0,0.0
3513,131.0,39.0,0.0
3514,268.0,198.0,0.0
3515,627.0,292.0,0.0
3516,3.0,147.0,0.0
3517,105.0,404.0,0.0
3518,414.0,397.0,0.0
3519,611.0,242.0,0.0
3520,645.0,151.0,0.0
3521,153.0,229.0,0.0
3522,182.0,147.0,0.0
3523,578.0,325.0,0.0
3524,393.0,278.0,0.0
3525,316.0,320.0,0.0
3526,243.0,307.0,0.0
3527,408.0,36.0,0.0
3528,72.0,112.0,0.0
3529,8.0,71.0,0.0
3530,37.0,270.0,0.0
3531,365.0,146.0,0.0
3532,55.0,170.0,0.0
3533,172.0,59.0,0.0
3534,33.0,51.0,0.0
3535,288.0,45.0,0.0
3536,635.0,82.0,0.0
3537,68.0,357.0,0.0
3538,135.0,128.0,0.0
3539,156.0,27.0,0.0
3540,224.0,30.0,0.0
3541,292.0,402.0,0.0
3542,71.0,380.0,0.0
3543,234.0,124.0,0.0
3544,3.0,143.0,0.0
3545,444.0,53.0,0.0
3546,450.0,293.0,0.0
3547,587.0,313.0,0.0
3548,223.0,289.0,0.0
3549,353.0,334.0,0.0
3550,370.0,312.0,0.0
3551,535.0,257.0,0.0
3552,307.0,202.0,0.0
3553,22.0,320.0,0.0
3554,74.0,280.0,0.0
3555,282.0,388.0,0.0
3556,444.0,48.0,0.0
3557,623.0,200.0,0.0
3558,562.0,393.0,0.0
3559,7.0,219.0,0.0
3560,454.0,265.0,0.0
3561,583.0,141.0,0.0
3562,88.0,249.0,0.0
3563,300.0,349.0,0.0
3564,637.0,264.0,0.0
3565,54.0,243.0,0.0
3566,217.0,294.0,0.0
3567,58.0,243.0,0.0
3568,41.0,42.0,0.0
3569,211.0,205.0,0.0
3570,318.0,23.0,0.0
3571,647.0,202.0,0.0
3572,288.0,256.0,0.0
3573,458.0,22.0,0.0
3574,541.0,168.0,0.0
3575,391.0,291.0,0.0
3576,83.0,203.0,0.0
3577,425.0,312.0,0.0
3578,126.0,372.0,0.0
3579,260.0,168.0,0.0
3580,638.0,90.0,0.0
3581,422.0,61.0,0.0
3582,313.0,20.0,0.0
3583,26.0,226.0,0.0
3584,478.0,308.0,0.0
3585,550.0,112.0,0.0
3586,565.0,270.0,0.0
3587,31.0,141.0,0.0
3588,13.0,174.0,0.0
3589,224.0,274.0,0.0
3590,157.0,280.0,0.0
3591,609.0,378.0,0.0
3592,220.0,371.0,0.0
3593,133.0,251.0,0.0
3594,66.0,368.0,0.0
3595,52.0,312.0,0.0
3596,158.0,83.0,0.0
3597,427.0,172.0,0.0
3598,304.0,334.0,0.0
3599,299.0,344.0,0.0
3600,395.0,179.0,0.0
3601,376.0,116.0,0.0
3602,436.0,194.0,0.0
3603,480.0,77.0,0.0
3604,433.0,85.0,0.0
3605,548.0,51.0,0.0
3606,327.0,136.0,0.0
3607,477.0,58.0,0.0
3608,443.0,398.0,0.0
3609,65.0,301.0,0.0
3610,482.0,30.0,0.0
3611,248.0,51.0,0.0
3612,412.0,328.0,0.0
3613,567.0,21.0,0.0
3614,2.0,80.0,0.0
3615,446.0,118.0,0.0
3616,510.0,404.0,0.0
3617,526.0,173.0,0.0
3618,3.0,35.0,0.0
3619,629.0,127.0,0.0
3620,429.0,60.0,0.0
3621,406.0,70.0,0.0
3622,291.0,308.0,0.0
3623,436.0,128.0,0.0
3624,156.0,385.0,0.0
3625,658.0,155.0,0.0
3626,648.0,122.0,0.0
3627,487.0,256.0,0.0
3628,264.0,25.0,0.0
3629,292.0,391.0,0.0
3630,244.0,264.0,0.0
3631,266.0,313.0,0.0
3632,617.0,315.0,0.0
3633,379.0,137.0,0.0
3634,272.0,234.0,0.0
3635,131.0,308.0,0.0
3636,46.0,309.0,0.0
3637,44.0,92.0,0.0
3638,267.0,339.0,0.0
3639,381.0,207.0,0.0
3640,331.0,341.0,0.0
3641,282.0,128.0,0.0
3642,353.0,29.0,0.0
3643,258.0,167.0,0.0
3644,205.0,200.0,0.0
3645,159.0,135.0,0.0
3646,148.0,3.0,0.0
3647,48.0,15.0,0.0
3648,370.0,293.0,0.0
3649,107.0,118.0,0.0
3650,144.0,119.0,0.0
3651,500.0,382.0,0.0
3652,289.0,34.0,0.0
3653,295.0,256.0,0.0
3654,273.0,385.0,0.0
3655,353.0,303.0,0.0
3656,8.0,69.0,0.0
3657,578.0,312.0,0.0
3658,6.0,105.0,0.0
3659,71.0,406.0,0.0
3660,171.0,140.0,0.0
3661,116.0,25.0,0.0
3662,410.0,96.0,0.0
3663,272.0,37.0,0.0
3664,57.0,323.0,0.0
3665,388.0,337.0,0.0
3666,369.0,3.0,0.0
3667,469.0,349.0,0.0
3668,162.0,354.0,0.0
3669,147.0,193.0,0.0
3670,409.0,315.0,0.0
3671,467.0,368.0,0.0
3672,95.0,247.0,0.0
3673,83.0,268.0,0.0
3674,197.0,301.0,0.0
3675,49.0,243.0,0.0
3676,484.0,31.0,0.0
3677,319.0,202.0,0.0
3678,429.0,256.0,0.0
3679,287.0,203.0,0.0
3680,477.0,125.0,0.0
3681,322.0,390.0,0.0
3682,109.0,53.0,0.0
3683,561.0,231.0,0.0
3684,268.0,238.0,0.0
3685,616.0,372.0,0.0
3686,50.0,259.0,0.0
3687,339.0,148.0,0.0
3688,66.0,282.0,0.0
3689,99.0,28.0,0.0
3690,77.0,36.0,0.0
3691,639.0,295.0,0.0
3692,280.0,205.0,0.0
3693,473.0,313.0,0.0
3694,603.0,15.0,0.0
3695,13.0,38.0,0.0
3696,328.0,42.0,0.0
3697,563.0,203.0,0.0
3698,207.0,350.0,0.0
3699,567.0,203.0,0.0
3700,239.0,122.0,0.0
3701,544.0,385.0,0.0
3702,379.0,115.0,0.0
3703,562.0,317.0,0.0
3704,540.0,33.0,0.0
3705,11.0,166.0,0.0
3706,277.0,372.0,0.0
3707,21.0,287.0,0.0
3708,570.0,105.0,0.0
3709,424.0,64.0,0.0
3710,654.0,357.0,0.0
3711,396.0,145.0,0.0
3712,500.0,30.0,0.0
3713,53.0,403.0,0.0
3714,419.0,139.0,0.0
3715,37.0,205.0,0.0
3716,382.0,108.0,0.0
3717,298.0,249.0,0.0
3718,651.0,136.0,0.0
3719,196.0,263.0,0.0
3720,525.0,266.0,0.0
3721,182.0,190.0,0.0
3722,211.0,191.0,0.0
3723,19.0,62.0,0.0
3724,438.0,347.0,0.0
3725,531.0,177.0,0.0
3726,386.0,248.0,0.0
3727,88.0,48.0,0.0
3728,201.0,322.0,0.0
3729,349.0,221.0,0.0
3730,192.0,197.0,0.0
3731,32.0,236.0,0.0
3732,194.0,72.0,0.0
3733,358.0,72.0,0.0
3734,553.0,167.0,0.0
3735,456.0,211.0,0.0
3736,230.0,254.0,0.0
3737,647.0,405.0,0.0
3738,38.0,295.0,0.0
3739,133.0,263.0,0.0
3740,481.0,276.0,0.0
3741,478.0,170.0,0.0
3742,626.0,273.0,0.0
3743,300.0,208.0,0.0
3744,88.0,342.0,0.0
3745,47.0,281.0,0.0
3746,341.0,217.0,0.0
3747,441.0,103.0,0.0
3748,618.0,94.0,0.0
3749,463.0,319.0,0.0
3750,205.0,241.0,0.0
3751,150.0,106.0,0.0
3752,155.0,320.0,0.0
3753,604.0,230.0,0.0
3754,145.0,310.0,0.0
3755,254.0,408.0,0.0
3756,535.0,160.0,0.0
3757,589.0,340.0,0.0
3758,254.0,227.0,0.0
3759,201.0,124.0,0.0
3760,307.0,258.0,0.0
3761,487.0,144.0,0.0
3762,554.0,309.0,0.0
3763,261.0,387.0,0.0
3764,417.0,305.0,0.0
3765,592.0,391.0,0.0
3766,175.0,339.0,0.0
3767,202.0,339.0,0.0
3768,240.0,94.0,0.0
3769,174.0,63.0,0.0
3770,387.0,145.0,0.0
3771,195.0,26.0,0.0
3772,645.0,175.0,0.0
3773,60.0,368.0,0.0
3774,615.0,112.0,0.0
3775,489.0,408.0,0.0
3776,661.0,376.0,0.0
3777,467.0,88.0,0.0
3778,471.0,150.0,0.0
3779,312.0,117.0,0.0
3780,373.0,31.0,0.0
3781,59.0,139.0,0.0
3782,386.0,208.0,0.0
3783,616.0,389.0,0.0
3784,634.0,229.0,0.0
3785,429.0,34.0,0.0
3786,3.0,4.0,0.0
3787,633.0,231.0,0.0
3788,244.0,391.0,0.0
3789,565.0,264.0,0.0
3790,314.0,8.0,0.0
3791,120.0,290.0,0.0
3792,525.0,365.0,0.0
3793,56.0,152.0,0.0
3794,100.0,289.0,0.0
3795,648.0,121.0,0.0
3796,596.0,45.0,0.0
3797,376.0,294.0,0.0
3798,412.0,74.0,0.0
3799,366.0,206.0,0.0
3800,275.0,278.0,0.0
3801,641.0,354.0,0.0
3802,482.0,3.0,0.0
3803,484.0,3.0,0.0
3804,571.0,38.0,0.0
3805,491.0,11.0,0.0
3806,289.0,35.0,0.0
3807,428.0,80.0,0.0
3808,491.0,224.0,0.0
3809,497.0,342.0,0.0
3810,227.0,370.0,0.0
3811,237.0,246.0,0.0
3812,414.0,200.0,0.0
3813,273.0,264.0,0.0
3814,465.0,110.0,0.0
3815,84.0,211.0,0.0
3816,489.0,231.0,0.0
3817,49.0,326.0,0.0
3818,261.0,120.0,0.0
3819,165.0,378.0,0.0
3820,155.0,315.0,0.0
3821,560.0,192.0,0.0
3822,90.0,343.0,0.0
3823,96.0,211.0,0.0
3824,173.0,354.0,0.0
3825,414.0,215.0,0.0
3826,320.0,193.0,0.0
3827,608.0,361.0,0.0
3828,577.0,240.0,0.0
3829,280.0,87.0,0.0
3830,632.0,42.0,0.0
3831,573.0,239.0,0.0
3832,147.0,78.0,0.0
3833,612.0,302.0,0.0
3834,77.0,408.0,0.0
3835,356.0,13.0,0.0
3836,364.0,91.0,0.0
3837,458.0,210.0,0.0
3838,605.0,67.0,0.0
3839,200.0,110.0,0.0
3840,75.0,259.0,0.0
3841,490.0,310.0,0.0
3842,356.0,131.0,0.0
3843,639.0,299.0,0.0
3844,582.0,233.0,0.0
3845,485.0,286.0,0.0
3846,606.0,212.0,0.0
3847,504.0,133.0,0.0
3848,331.0,353.0,0.0
3849,41.0,32.0,0.0
3850,337.0,328.0,0.0
3851,108.0,78.0,0.0
3852,551.0,148.0,0.0
3853,349.0,318.0,0.0
3854,380.0,209.0,0.0
3855,22.0,367.0,0.0
3856,239.0,366.0,0.0
3857,63.0,170.0,0.0
3858,296.0,238.0,0.0
3859,25.0,271.0,0.0
3860,341.0,54.0,0.0
3861,534.0,385.0,0.0
3862,195.0,364.0,0.0
3863,329.0,54.0,0.0
3864,151.0,304.0,0.0
3865,405.0,336.0,0.0
3866,31.0,140.0,0.0
3867,88.0,131.0,0.0
3868,133.0,70.0,0.0
3869,441.0,250.0,0.0
3870,649.0,77.0,0.0
3871,461.0,24.0,0.0
3872,293.0,149.0,0.0
3873,280.0,306.0,0.0
3874,155.0,343.0,0.0
3875,296.0,15.0,0.0
3876,604.0,131.0,0.0
3877,59.0,185.0,0.0
3878,17.0,328.0,0.0
3879,219.0,239.0,0.0
3880,18.0,137.0,0.0
3881,25.0,364.0,0.0
3882,482.0,59.0,0.0
3883,115.0,285.0,0.0
3884,625.0,323.0,0.0
3885,165.0,212.0,0.0
3886,366.0,39.0,0.0
3887,567.0,345.0,0.0
3888,180.0,90.0,0.0
3889,110.0,302.0,0.0
3890,575.0,207.0,0.0
3891,501.0,357.0,0.0
3892,261.0,94.0,0.0
3893,197.0,201.0,0.0
3894,85.0,30.0,0.0
3895,349.0,392.0,0.0
3896,280.0,328.0,0.0
3897,483.0,407.0,0.0
3898,222.0,242.0,0.0
3899,481.0,263.0,0.0
3900,575.0,262.0,0.0
3901,25.0,283.0,0.0
3902,539.0,173.0,0.0
3903,190.0,294.0,0.0
3904,187.0,350.0,0.0
3905,300.0,352.0,0.0
3906,1.0,71.0,0.0
3907,359.0,288.0,0.0
3908,597.0,54.0,0.0
3909,545.0,77.0,0.0
3910,182.0,270.0,0.0
3911,598.0,374.0,0.0
3912,589.0,396.0,0.0
3913,333.0,124.0,0.0
3914,172.0,297.0,0.0
3915,34.0,384.0,0.0
3916,466.0,163.0,0.0
3917,645.0,370.0,0.0
3918,258.0,38.0,0.0
3919,340.0,285.0,0.0
3920,653.0,297.0,0.0
3921,66.0,4.0,0.0
3922,139.0,258.0,0.0
3923,335.0,141.0,0.0
3924,640.0,310.0,0.0
3925,170.0,285.0,0.0
3926,540.0,318.0,0.0
3927,434.0,187.0,0.0
3928,544.0,94.0,0.0
3929,534.0,360.0,0.0
3930,0.0,316.0,0.0
3931,38.0,46.0,0.0
3932,516.0,134.0,0.0
3933,363.0,8.0,0.0
3934,163.0,398.0,0.0
3935,78.0,17.0,0.0
3936,510.0,24.0,0.0
3937,115.0,142.0,0.0
3938,73.0,121.0,0.0
3939,367.0,66.0,0.0
3940,279.0,28.0,0.0
3941,438.0,153.0,0.0
3942,596.0,190.0,0.0
3943,252.0,147.0,0.0
3944,437.0,316.0,0.0
3945,531.0,44.0,0.0
3946,585.0,13.0,0.0
3947,509.0,309.0,0.0
3948,299.0,329.0,0.0
3949,585.0,71.0,0.0
3950,273.0,269.0,0.0
3951,489.0,233.0,0.0
3952,198.0,204.0,0.0
3953,7.0,330.0,0.0
3954,80.0,385.0,0.0
3955,454.0,3.0,0.0
3956,51.0,335.0,0.0
3957,376.0,348.0,0.0
3958,244.0,134.0,0.0
3959,378.0,221.0,0.0
3960,350.0,276.0,0.0
3961,625.0,279.0,0.0
3962,300.0,121.0,0.0
3963,516.0,125.0,0.0
3964,560.0,226.0,0.0
3965,275.0,352.0,0.0
3966,125.0,332.0,0.0
3967,504.0,210.0,0.0
3968,242.0,365.0,0.0
3969,305.0,60.0,0.0
3970,150.0,146.0,0.0
3971,228.0,384.0,0.0
3972,652.0,226.0,0.0
3973,587.0,190.0,0.0
3974,290.0,47.0,0.0
3975,531.0,65.0,0.0
3976,503.0,241.0,0.0
3977,62.0,238.0,0.0
3978,491.0,147.0,0.0
3979,79.0,179.0,0.0
3980,532.0,379.0,0.0
3981,337.0,13.0,0.0
3982,212.0,325.0,0.0
3983,242.0,406.0,0.0
3984,243.0,238.0,0.0
3985,536.0,2.0,0.0
3986,52.0,93.0,0.0
3987,390.0,375.0,0.0
3988,574.0,94.0,0.0
3989,193.0,358.0,0.0
3990,154.0,98.0,0.0
3991,33.0,162.0,0.0
3992,597.0,15.0,0.0
3993,111.0,355.0,0.0
3994,112.0,304.0,0.0
3995,276.0,17.0,0.0
3996,215.0,316.0,0.0
3997,316.0,308.0,0.0
3998,317.0,219.0,0.0
3999,429.0,268.0,0.0
4000,402.0,205.0,0.0
4001,390.0,229.0,0.0
4002,191.0,87.0,0.0
4003,238.0,82.0,0.0
4004,33.0,141.0,0.0
4005,53.0,55.0,0.0
4006,467.0,27.0,0.0
4007,324.0,206.0,0.0
4008,539.0,21.0,0.0
4009,190.0,267.0,0.0
4010,605.0,177.0,0.0
4011,108.0,260.0,0.0
4012,305.0,171.0,0.0
4013,370.0,300.0,0.0
4014,408.0,273.0,0.0
4015,107.0,251.0,0.0
4016,252.0,334.0,0.0
4017,378.0,391.0,0.0
4018,349.0,370.0,0.0
4019,116.0,123.0,0.0
4020,509.0,54.0,0.0
4021,105.0,388.0,0.0
4022,225.0,367.0,0.0
4023,643.0,112.0,0.0
4024,310.0,322.0,0.0
4025,657.0,393.0,0.0
4026,176.0,306.0,0.0
4027,502.0,229.0,0.0
4028,316.0,307.0,0.0
4029,473.0,297.0,0.0
4030,461.0,252.0,0.0
4031,26.0,91.0,0.0
4032,312.0,121.0,0.0
4033,566.0,399.0,0.0
4034,498.0,100.0,0.0
4035,150.0,198.0,0.0
4036,545.0,392.0,0.0
4037,648.0,101.0,0.0
4038,284.0,129.0,0.0
4039,112.0,344.0,0.0
4040,191.0,251.0,0.0
4041,286.0,236.0,0.0
4042,7.0,64.0,0.0
4043,353.0,82.0,0.0
4044,623.0,69.0,0.0
4045,54.0,347.0,0.0
4046,472.0,221.0,0.0
4047,589.0,295.0,0.0
4048,246.0,39.0,0.0
4049,386.0,153.0,0.0
4050,411.0,29.0,0.0
4051,496.0,400.0,0.0
4052,567.0,243.0,0.0
4053,343.0,282.0,0.0
4054,425.0,256.0,0.0
4055,185.0,32.0,0.0
4056,202.0,333.0,0.0
4057,357.0,74.0,0.0
4058,469.0,379.0,0.0
4059,539.0,83.0,0.0
4060,157.0,202.0,0.0
4061,69.0,274.0,0.0
4062,442.0,163.0,0.0
4063,445.0,290.0,0.0
4064,84.0,363.0,0.0
4065,400.0,388.0,0.0
4066,449.0,62.0,0.0
4067,204.0,72.0,0.0
4068,365.0,257.0,0.0
4069,150.0,139.0,0.0
4070,68.0,241.0,0.0
4071,108.0,263.0,0.0
4072,504.0,275.0,0.0
4073,514.0,56.0,0.0
4074,441.0,85.0,0.0
4075,468.0,242.0,0.0
4076,578.0,278.0,0.0
4077,572.0,200.0,0.0
4078,372.0,52.0,0.0
4079,661.0,132.0,0.0
4080,485.0,42.0,0.0
4081,387.0,220.0,0.0
4082,1.0,191.0,0.0
4083,298.0,222.0,0.0
4084,323.0,18.0,0.0
4085,246.0,117.0,0.0
4086,554.0,346.0,0.0
4087,451.0,63.0,0.0
4088,147.0,393.0,0.0
4089,452.0,150.0,0.0
4090,173.0,314.0,0.0
4091,193.0,391.0,0.0
4092,653.0,63.0,0.0
4093,389.0,84.0,0.0
4094,130.0,38.0,0.0
4095,332.0,285.0,0.0
4096,469.0,272.0,0.0
4097,577.0,62.0,0.0
4098,561.0,301.0,0.0
4099,400.0,39.0,0.0
4100,38.0,168.0,0.0
4101,418.0,220.0,0.0
4102,35.0,346.0,0.0
4103,118.0,258.0,0.0
4104,24.0,42.0,0.0
4105,631.0,96.0,0.0
4106,191.0,137.0,0.0
4107,583.0,340.0,0.0
4108,588.0,359.0,0.0
4109,162.0,73.0,0.0
4110,633.0,224.0,0.0
4111,638.0,365.0,0.0
4112,57.0,27.0,0.0
4113,404.0,36.0,0.0
4114,327.0,32.0,0.0
4115,192.0,210.0,0.0
4116,228.0,145.0,0.0
4117,300.0,304.0,0.0
4118,101.0,32.0,0.0
4119,377.0,21.0,0.0
4120,193.0,115.0,0.0
4121,328.0,243.0,0.0
4122,537.0,84.0,0.0
4123,441.0,229.0,0.0
4124,547.0,157.0,0.0
4125,99.0,377.0,0.0
4126,154.0,186.0,0.0
4127,285.0,334.0,0.0
4128,587.0,166.0,0.0
4129,275.0,99.0,0.0
4130,561.0,376.0,0.0
4131,550.0,59.0,0.0
4132,318.0,215.0,0.0
4133,526.0,239.0,0.0
4134,67.0,313.0,0.0
4135,590.0,21.0,0.0
4136,422.0,361.0,0.0
4137,4.0,399.0,0.0
4138,525.0,286.0,0.0
4139,17.0,253.0,0.0
4140,284.0,274.0,0.0
4141,215.0,319.0,0.0
4142,485.0,12.0,0.0
4143,356.0,396.0,0.0
4144,231.0,191.0,0.0
4145,18.0,369.0,0.0
4146,610.0,403.0,0.0
4147,255.0,90.0,0.0
4148,503.0,210.0,0.0
4149,223.0,31.0,0.0
4150,578.0,47.0,0.0
4151,251.0,206.0,0.0
4152,37.0,306.0,0.0
4153,352.0,31.0,0.0
4154,536.0,155.0,0.0
4155,505.0,75.0,0.0
4156,541.0,102.0,0.0
4157,282.0,99.0,0.0
4158,228.0,368.0,0.0
4159,546.0,142.0,0.0
4160,481.0,40.0,0.0
4161,532.0,401.0,0.0
4162,153.0,105.0,0.0
4163,236.0,62.0,0.0
4164,153.0,315.0,0.0
4165,315.0,197.0,0.0
4166,191.0,127.0,0.0
4167,122.0,295.0,0.0
4168,618.0,12.0,0.0
4169,655.0,276.0,0.0
4170,510.0,64.0,0.0
4171,124.0,370.0,0.0
4172,76.0,377.0,0.0
4173,166.0,203.0,0.0
4174,611.0,218.0,0.0
4175,618.0,384.0,0.0
4176,526.0,207.0,0.0
4177,516.0,163.0,0.0
4178,483.0,328.0,0.0
4179,253.0,101.0,0.0
4180,448.0,108.0,0.0
4181,9.0,143.0,0.0
4182,113.0,130.0,0.0
4183,293.0,335.0,0.0
4184,403.0,180.0,0.0
4185,222.0,352.0,0.0
4186,635.0,334.0,0.0
4187,633.0,347.0,0.0
4188,504.0,209.0,0.0
4189,376.0,190.0,0.0
4190,544.0,102.0,0.0
4191,213.0,348.0,0.0
4192,93.0,46.0,0.0
4193,515.0,145.0,0.0
4194,265.0,378.0,0.0
4195,519.0,97.0,0.0
4196,489.0,178.0,0.0
4197,553.0,1.0,0.0
4198,184.0,62.0,0.0
4199,48.0,244.0,0.0
4200,247.0,130.0,0.0
4201,421.0,149.0,0.0
4202,300.0,373.0,0.0
4203,274.0,102.0,0.0
4204,114.0,373.0,0.0
4205,409.0,346.0,0.0
4206,511.0,81.0,0.0
4207,236.0,89.0,0.0
4208,564.0,154.0,0.0
4209,394.0,52.0,0.0
4210,192.0,207.0,0.0
4211,205.0,9.0,0.0
4212,210.0,119.0,0.0
4213,283.0,303.0,0.0
4214,464.0,314.0,0.0
4215,519.0,352.0,0.0
4216,17.0,283.0,0.0
4217,282.0,232.0,0.0
4218,647.0,362.0,0.0
4219,23.0,298.0,0.0
4220,261.0,298.0,0.0
4221,255.0,338.0,0.0
4222,6.0,212.0,0.0
4223,320.0,315.0,0.0
4224,602.0,33.0,0.0
4225,86.0,352.0,0.0
4226,478.0,322.0,0.0
4227,376.0,345.0,0.0
4228,134.0,155.0,0.0
4229,380.0,77.0,0.0
4230,345.0,284.0,0.0
4231,80.0,101.0,0.0
4232,502.0,38.0,0.0
4233,493.0,76.0,0.0
4234,506.0,114.0,0.0
4235,167.0,279.0,0.0
4236,491.0,276.0,0.0
4237,401.0,358.0,0.0
4238,647.0,344.0,0.0
4239,58.0,405.0,0.0
4240,463.0,84.0,0.0
4241,62.0,235.0,0.0
4242,512.0,324.0,0.0
4243,147.0,1.0,0.0
4244,174.0,45.0,0.0
4245,385.0,196.0,0.0
4246,431.0,29.0,0.0
4247,154.0,357.0,0.0
4248,658.0,164.0,0.0
4249,112.0,146.0,0.0
4250,183.0,185.0,0.0
4251,606.0,294.0,0.0
4252,19.0,169.0,0.0
4253,43.0,336.0,0.0
4254,412.0,154.0,0.0
4255,580.0,260.0,0.0
4256,256.0,184.0,0.0
4257,412.0,371.0,0.0
4258,658.0,328.0,0.0
4259,659.0,132.0,0.0
4260,30.0,114.0,0.0
4261,376.0,284.0,0.0
4262,493.0,259.0,0.0
4263,504.0,152.0,0.0
4264,300.0,340.0,0.0
4265,174.0,308.0,0.0
4266,288.0,266.0,0.0
4267,396.0,343.0,0.0
4268,353.0,245.0,0.0
4269,324.0,364.0,0.0
4270,254.0,13.0,0.0
4271,191.0,302.0,0.0
4272,177.0,73.0,0.0
4273,55.0,125.0,0.0
4274,34.0,246.0,0.0
4275,635.0,31.0,0.0
4276,41.0,328.0,0.0
4277,188.0,203.0,0.0
4278,284.0,34.0,0.0
4279,484.0,187.0,0.0
4280,272.0,197.0,0.0
4281,475.0,247.0,0.0
4282,77.0,297.0,0.0
4283,112.0,390.0,0.0
4284,225.0,385.0,0.0
4285,395.0,290.0,0.0
4286,642.0,84.0,0.0
4287,203.0,310.0,0.0
4288,334.0,231.0,0.0
4289,68.0,70.0,0.0
4290,218.0,148.0,0.0
4291,280.0,269.0,0.0
4292,511.0,404.0,0.0
4293,48.0,340.0,0.0
4294,554.0,210.0,0.0
4295,39.0,247.0,0.0
4296,403.0,308.0,0.0
4297,186.0,343.0,0.0
4298,154.0,407.0,0.0
4299,142.0,324.0,0.0
4300,248.0,16.0,0.0
4301,448.0,118.0,0.0
4302,593.0,313.0,0.0
4303,166.0,313.0,0.0
4304,165.0,248.0,0.0
4305,274.0,269.0,0.0
4306,126.0,386.0,0.0
4307,446.0,286.0,0.0
4308,638.0,4.0,0.0
4309,273.0,45.0,0.0
4310,209.0,210.0,0.0
4311,648.0,357.0,0.0
4312,207.0,337.0,0.0
4313,448.0,0.0,0.0
4314,520.0,32.0,0.0
4315,589.0,5.0,0.0
4316,343.0,351.0,0.0
4317,452.0,175.0,0.0
4318,183.0,155.0,0.0
4319,369.0,71.0,0.0
4320,436.0,387.0,0.0
4321,615.0,205.0,0.0
4322,461.0,18.0,0.0
4323,407.0,329.0,0.0
4324,157.0,177.0,0.0
4325,57.0,357.0,0.0
4326,328.0,25.0,0.0
4327,614.0,77.0,0.0
4328,4.0,202.0,0.0
4329,200.0,355.0,0.0
4330,547.0,345.0,0.0
4331,650.0,370.0,0.0
4332,553.0,212.0,0.0
4333,59.0,305.0,0.0
4334,609.0,243.0,0.0
4335,524.0,2.0,0.0
4336,124.0,233.0,0.0
4337,448.0,38.0,0.0
4338,638.0,233.0,0.0
4339,341.0,338.0,0.0
4340,169.0,109.0,0.0
4341,1.0,18.0,0.0
4342,193.0,200.0,0.0
4343,25.0,112.0,0.0
4344,433.0,124.0,0.0
4345,196.0,20.0,0.0
4346,466.0,230.0,0.0
4347,49.0,74.0,0.0
4348,576.0,117.0,0.0
4349,319.0,378.0,0.0
4350,139.0,398.0,0.0
4351,580.0,318.0,0.0
4352,158.0,283.0,0.0
4353,273.0,231.0,0.0
4354,382.0,144.0,0.0
4355,180.0,41.0,0.0
4356,273.0,408.0,0.0
4357,556.0,32.0,0.0
4358,437.0,19.0,0.0
4359,157.0,59.0,0.0
4360,168.0,331.0,0.0
4361,71.0,268.0,0.0
4362,530.0,204.0,0.0
4363,152.0,269.0,0.0
4364,578.0,165.0,0.0
4365,657.0,186.0,0.0
4366,481.0,373.0,0.0
4367,109.0,31.0,0.0
4368,632.0,71.0,0.0
4369,23.0,107.0,0.0
4370,279.0,181.0,0.0
4371,460.0,373.0,0.0
4372,257.0,253.0,0.0
4373,462.0,367.0,0.0
4374,111.0,178.0,0.0
4375,391.0,42.0,0.0
4376,556.0,171.0,0.0
4377,225.0,167.0,0.0
4378,305.0,397.0,0.0
4379,72.0,350.0,0.0
4380,393.0,10.0,0.0
4381,516.0,338.0,0.0
4382,321.0,380.0,0.0
4383,450.0,204.0,0.0
4384,381.0,116.0,0.0
4385,642.0,360.0,0.0
4386,525.0,185.0,0.0
4387,48.0,71.0,0.0
4388,440.0,325.0,0.0
4389,9.0,41.0,0.0
4390,46.0,162.0,0.0
4391,138.0,113.0,0.0
4392,176.0,184.0,0.0
4393,185.0,204.0,0.0
4394,87.0,75.0,0.0
4395,272.0,288.0,0.0
4396,214.0,377.0,0.0
4397,145.0,221.0,0.0
4398,642.0,311.0,0.0
4399,419.0,389.0,0.0
4400,364.0,185.0,0.0
4401,412.0,182.0,0.0
4402,131.0,50.0,0.0
4403,461.0,382.0,0.0
4404,35.0,377.0,0.0
4405,543.0,241.0,0.0
4406,101.0,150.0,0.0
4407,35.0,284.0,0.0
4408,438.0,69.0,0.0
4409,59.0,353.0,0.0
4410,276.0,336.0,0.0
4411,284.0,65.0,0.0
4412,613.0,251.0,0.0
4413,241.0,41.0,0.0
4414,145.0,75.0,0.0
4415,461.0,223.0,0.0
4416,311.0,233.0,0.0
4417,494.0,144.0,0.0
4418,297.0,118.0,0.0
4419,40.0,347.0,0.0
4420,479.0,296.0,0.0
4421,93.0,337.0,0.0
4422,42.0,94.0,0.0
4423,154.0,9.0,0.0
4424,508.0,315.0,0.0
4425,352.0,348.0,0.0
4426,283.0,338.0,0.0
4427,499.0,208.0,0.0
4428,629.0,213.0,0.0
4429,430.0,54.0,0.0
4430,1.0,370.0,0.0
4431,628.0,38.0,0.0
4432,633.0,94.0,0.0
4433,151.0,111.0,0.0
4434,114.0,360.0,0.0
4435,635.0,381.0,0.0
4436,22.0,194.0,0.0
4437,66.0,162.0,0.0
4438,32.0,49.0,0.0
4439,479.0,198.0,0.0
4440,440.0,5.0,0.0
4441,259.0,100.0,0.0
4442,86.0,128.0,0.0
4443,284.0,222.0,0.0
4444,313.0,26.0,0.0
4445,74.0,370.0,0.0
4446,194.0,261.0,0.0
4447,174.0,176.0,0.0
4448,162.0,346.0,0.0
4449,429.0,237.0,0.0
4450,212.0,9.0,0.0
4451,569.0,261.0,0.0
4452,437.0,326.0,0.0
4453,140.0,194.0,0.0
4454,657.0,96.0,0.0
4455,153.0,132.0,0.0
4456,110.0,179.0,0.0
4457,420.0,84.0,0.0
4458,287.0,295.0,0.0
4459,544.0,199.0,0.0
4460,92.0,133.0,0.0
4461,544.0,246.0,0.0
4462,383.0,77.0,0.0
4463,12.0,142.0,0.0
4464,505.0,49.0,0.0
4465,420.0,385.0,0.0
4466,338.0,403.0,0.0
4467,39.0,93.0,0.0
4468,437.0,55.0,0.0
4469,155.0,86.0,0.0
4470,485.0,270.0,0.0
4471,640.0,369.0,0.0
4472,95.0,57.0,0.0
4473,209.0,75.0,0.0
4474,7.0,216.0,0.0
4475,311.0,193.0,0.0
4476,186.0,48.0,0.0
4477,557.0,353.0,0.0
4478,369.0,275.0,0.0
4479,342.0,181.0,0.0
4480,44.0,164.0,0.0
4481,57.0,187.0,0.0
4482,145.0,321.0,0.0
4483,192.0,394.0,0.0
4484,5.0,185.0,0.0
4485,607.0,1.0,0.0
4486,173.0,153.0,0.0
4487,459.0,83.0,0.0
4488,660.0,67.0,0.0
4489,348.0,297.0,0.0
4490,35.0,236.0,0.0
4491,381.0,4.0,0.0
4492,18.0,255.0,0.0
4493,218.0,50.0,0.0
4494,58.0,23.0,0.0
4495,433.0,117.0,0.0
4496,296.0,29.0,0.0
4497,12.0,197.0,0.0
4498,281.0,23.0,0.0
4499,49.0,179.0,0.0
4500,490.0,345.0,0.0
4501,423.0,41.0,0.0
4502,488.0,230.0,0.0
4503,223.0,111.0,0.0
4504,180.0,49.0,0.0
4505,144.0,299.0,0.0
4506,553.0,4.0,0.0
4507,166.0,258.0,0.0
4508,482.0,159.0,0.0
4509,102.0,369.0,0.0
4510,580.0,173.0,0.0
4511,129.0,241.0,0.0
4512,199.0,323.0,0.0
4513,327.0,370.0,0.0
4514,203.0,129.0,0.0
4515,645.0,256.0,0.0
4516,573.0,139.0,0.0
4517,458.0,56.0,0.0
4518,371.0,32.0,0.0
4519,386.0,387.0,0.0
4520,289.0,18.0,0.0
4521,148.0,85.0,0.0
4522,280.0,206.0,0.0
4523,14.0,145.0,0.0
4524,300.0,289.0,0.0
4525,17.0,73.0,0.0
4526,399.0,243.0,0.0
4527,456.0,357.0,0.0
4528,149.0,62.0,0.0
4529,546.0,283.0,0.0
4530,511.0,45.0,0.0
4531,223.0,42.0,0.0
4532,123.0,399.0,0.0
4533,102.0,354.0,0.0
4534,174.0,206.0,0.0
4535,210.0,334.0,0.0
4536,534.0,21.0,0.0
4537,330.0,358.0,0.0
4538,202.0,82.0,0.0
4539,520.0,244.0,0.0
4540,424.0,396.0,0.0
4541,418.0,66.0,0.0
4542,237.0,47.0,0.0
4543,332.0,46.0,0.0
4544,53.0,173.0,0.0
4545,588.0,220.0,0.0
4546,610.0,111.0,0.0
4547,526.0,327.0,0.0
4548,320.0,261.0,0.0
4549,165.0,202.0,0.0
4550,467.0,16.0,0.0
4551,593.0,281.0,0.0
4552,190.0,182.0,0.0
4553,329.0,36.0,0.0
